2024-12-05 20:04:24,908 - attendence.telegram_bot_updated - INFO - Bot initialized successfully with token
2024-12-05 20:04:25,289 - attendence.telegram_bot_updated - INFO - Bot connection test successful! Bot info: Notification Softclub (@notification_softclub_bot)
2024-12-05 20:04:25,322 - attendence.telegram_bot_updated - INFO - Bot is ready to send messages
2024-12-05 20:04:25,340 - attendence.telegram_bot_updated - INFO - Telegram bot started successfully!
2024-12-05 20:04:26,223 - attendence.telegram_bot_updated - INFO - Starting to send notification for message ID: 33
2024-12-05 20:04:26,273 - attendence.telegram_bot_updated - INFO - Sending to all active groups. Found 2 groups
2024-12-05 20:04:26,285 - attendence.telegram_bot_updated - INFO - Attempting to send message to group: Test Bots (ID: -4664539814)
2024-12-05 20:04:26,286 - attendence.telegram_bot_updated - INFO - Sending text message
2024-12-05 20:04:26,823 - attendence.telegram_bot_updated - INFO - Text message sent successfully
2024-12-05 20:04:26,825 - attendence.telegram_bot_updated - INFO - Attempting to send message to group: BOT TEST (ID: -4539632586)
2024-12-05 20:04:26,826 - attendence.telegram_bot_updated - INFO - Sending text message
2024-12-05 20:04:26,952 - attendence.telegram_bot_updated - ERROR - Error sending message to group BOT TEST: A request to the Telegram API was unsuccessful. Error code: 403. Description: Forbidden: the group chat was deleted
2024-12-05 20:04:26,956 - attendence.telegram_bot_updated - INFO - Updating message status to: failed
2024-12-05 20:04:26,970 - attendence.telegram_bot_updated - INFO - Message status updated successfully
2024-12-05 20:04:37,680 - attendence.telegram_bot_updated - INFO - Starting to send notification for message ID: 34
2024-12-05 20:04:37,688 - attendence.telegram_bot_updated - INFO - Sending to selected groups. Found 1 groups
2024-12-05 20:04:37,715 - attendence.telegram_bot_updated - INFO - Attempting to send message to group: Bots (ID: -4683762738)
2024-12-05 20:04:37,719 - attendence.telegram_bot_updated - INFO - Sending text message
2024-12-05 20:04:38,304 - attendence.telegram_bot_updated - ERROR - Error sending message to group Bots: A request to the Telegram API was unsuccessful. Error code: 403. Description: Forbidden: the group chat was deleted
2024-12-05 20:04:38,305 - attendence.telegram_bot_updated - INFO - Updating message status to: failed
2024-12-05 20:04:38,308 - attendence.telegram_bot_updated - INFO - Message status updated successfully
2024-12-05 20:04:38,975 - django.utils.autoreload - INFO - C:\Users\User\Desktop\project 33\attendence-and-notification\attendence\telegram_bot_updated.py changed, reloading.
2024-12-05 20:04:42,975 - attendence.telegram_bot_updated - INFO - Bot initialized successfully with token
2024-12-05 20:04:43,853 - attendence.telegram_bot_updated - INFO - Bot status check: {'bot_connected': True, 'bot_username': '@notification_softclub_bot', 'bot_name': 'Notification Softclub', 'active_groups_count': 2, 'active_groups': ['Test Bots (ID: -4664539814)', 'BOT TEST (ID: -4539632586)'], 'last_check': '2024-12-05 20:04:43'}
2024-12-05 20:04:43,853 - attendence.telegram_bot_updated - INFO - Bot is ready. Connected as @notification_softclub_bot
2024-12-05 20:04:43,853 - attendence.telegram_bot_updated - INFO - Active groups: 2
2024-12-05 20:04:43,988 - attendence.telegram_bot_updated - INFO - Bot connection test successful! Bot info: Notification Softclub (@notification_softclub_bot)
2024-12-05 20:04:43,988 - attendence.telegram_bot_updated - INFO - Bot is ready to send messages
2024-12-05 20:04:43,988 - attendence.telegram_bot_updated - INFO - Telegram bot started successfully!
2024-12-05 20:04:58,455 - TeleBot - ERROR - Threaded polling exception: A request to the Telegram API was unsuccessful. Error code: 409. Description: Conflict: terminated by other getUpdates request; make sure that only one bot instance is running
2024-12-05 20:04:58,459 - TeleBot - ERROR - Exception traceback:
Traceback (most recent call last):
  File "C:\Users\User\Desktop\project 33\attendence-and-notification\.venv\lib\site-packages\telebot\__init__.py", line 1234, in __threaded_polling
    polling_thread.raise_exceptions()
  File "C:\Users\User\Desktop\project 33\attendence-and-notification\.venv\lib\site-packages\telebot\util.py", line 111, in raise_exceptions
    raise self.exception_info
  File "C:\Users\User\Desktop\project 33\attendence-and-notification\.venv\lib\site-packages\telebot\util.py", line 93, in run
    task(*args, **kwargs)
  File "C:\Users\User\Desktop\project 33\attendence-and-notification\.venv\lib\site-packages\telebot\__init__.py", line 688, in __retrieve_updates
    updates = self.get_updates(offset=(self.last_update_id + 1),
  File "C:\Users\User\Desktop\project 33\attendence-and-notification\.venv\lib\site-packages\telebot\__init__.py", line 660, in get_updates
    json_updates = apihelper.get_updates(
  File "C:\Users\User\Desktop\project 33\attendence-and-notification\.venv\lib\site-packages\telebot\apihelper.py", line 332, in get_updates
    return _make_request(token, method_url, params=payload)
  File "C:\Users\User\Desktop\project 33\attendence-and-notification\.venv\lib\site-packages\telebot\apihelper.py", line 168, in _make_request
    json_result = _check_result(method_name, result)
  File "C:\Users\User\Desktop\project 33\attendence-and-notification\.venv\lib\site-packages\telebot\apihelper.py", line 195, in _check_result
    raise ApiTelegramException(method_name, result, result_json)
telebot.apihelper.ApiTelegramException: A request to the Telegram API was unsuccessful. Error code: 409. Description: Conflict: terminated by other getUpdates request; make sure that only one bot instance is running

2024-12-05 20:05:07,686 - django.utils.autoreload - INFO - C:\Users\User\Desktop\project 33\attendence-and-notification\attendence\admin.py changed, reloading.
2024-12-05 20:05:29,262 - attendence.telegram_bot_updated - INFO - Bot initialized successfully with token
2024-12-05 20:05:29,603 - attendence.telegram_bot_updated - INFO - Bot status check: {'bot_connected': True, 'bot_username': '@notification_softclub_bot', 'bot_name': 'Notification Softclub', 'active_groups_count': 2, 'active_groups': ['Test Bots (ID: -4664539814)', 'BOT TEST (ID: -4539632586)'], 'last_check': '2024-12-05 20:05:29'}
2024-12-05 20:05:29,603 - attendence.telegram_bot_updated - INFO - Bot is ready. Connected as @notification_softclub_bot
2024-12-05 20:05:29,603 - attendence.telegram_bot_updated - INFO - Active groups: 2
2024-12-05 20:05:29,718 - attendence.telegram_bot_updated - INFO - Bot connection test successful! Bot info: Notification Softclub (@notification_softclub_bot)
2024-12-05 20:05:29,718 - attendence.telegram_bot_updated - INFO - Bot is ready to send messages
2024-12-05 20:05:29,720 - attendence.telegram_bot_updated - INFO - Telegram bot started successfully!
2024-12-05 20:06:00,972 - attendence.telegram_bot_updated - INFO - Bot initialized successfully with token
2024-12-05 20:06:01,330 - attendence.telegram_bot_updated - INFO - Bot status check: {'bot_connected': True, 'bot_username': '@notification_softclub_bot', 'bot_name': 'Notification Softclub', 'active_groups_count': 2, 'active_groups': ['Test Bots (ID: -4664539814)', 'BOT TEST (ID: -4539632586)'], 'last_check': '2024-12-05 20:06:01'}
2024-12-05 20:06:01,331 - attendence.telegram_bot_updated - INFO - Bot is ready. Connected as @notification_softclub_bot
2024-12-05 20:06:01,331 - attendence.telegram_bot_updated - INFO - Active groups: 2
2024-12-05 20:06:01,442 - attendence.telegram_bot_updated - INFO - Bot connection test successful! Bot info: Notification Softclub (@notification_softclub_bot)
2024-12-05 20:06:01,442 - attendence.telegram_bot_updated - INFO - Bot is ready to send messages
2024-12-05 20:06:01,448 - attendence.telegram_bot_updated - INFO - Telegram bot started successfully!
2024-12-05 20:06:02,089 - TeleBot - ERROR - Threaded polling exception: A request to the Telegram API was unsuccessful. Error code: 409. Description: Conflict: terminated by other getUpdates request; make sure that only one bot instance is running
2024-12-05 20:06:02,089 - TeleBot - ERROR - Exception traceback:
Traceback (most recent call last):
  File "C:\Users\User\Desktop\project 33\attendence-and-notification\.venv\lib\site-packages\telebot\__init__.py", line 1234, in __threaded_polling
    polling_thread.raise_exceptions()
  File "C:\Users\User\Desktop\project 33\attendence-and-notification\.venv\lib\site-packages\telebot\util.py", line 111, in raise_exceptions
    raise self.exception_info
  File "C:\Users\User\Desktop\project 33\attendence-and-notification\.venv\lib\site-packages\telebot\util.py", line 93, in run
    task(*args, **kwargs)
  File "C:\Users\User\Desktop\project 33\attendence-and-notification\.venv\lib\site-packages\telebot\__init__.py", line 688, in __retrieve_updates
    updates = self.get_updates(offset=(self.last_update_id + 1),
  File "C:\Users\User\Desktop\project 33\attendence-and-notification\.venv\lib\site-packages\telebot\__init__.py", line 660, in get_updates
    json_updates = apihelper.get_updates(
  File "C:\Users\User\Desktop\project 33\attendence-and-notification\.venv\lib\site-packages\telebot\apihelper.py", line 332, in get_updates
    return _make_request(token, method_url, params=payload)
  File "C:\Users\User\Desktop\project 33\attendence-and-notification\.venv\lib\site-packages\telebot\apihelper.py", line 168, in _make_request
    json_result = _check_result(method_name, result)
  File "C:\Users\User\Desktop\project 33\attendence-and-notification\.venv\lib\site-packages\telebot\apihelper.py", line 195, in _check_result
    raise ApiTelegramException(method_name, result, result_json)
telebot.apihelper.ApiTelegramException: A request to the Telegram API was unsuccessful. Error code: 409. Description: Conflict: terminated by other getUpdates request; make sure that only one bot instance is running

2024-12-05 20:06:05,158 - TeleBot - ERROR - Threaded polling exception: A request to the Telegram API was unsuccessful. Error code: 409. Description: Conflict: terminated by other getUpdates request; make sure that only one bot instance is running
2024-12-05 20:06:05,158 - TeleBot - ERROR - Exception traceback:
Traceback (most recent call last):
  File "C:\Users\User\Desktop\project 33\attendence-and-notification\.venv\lib\site-packages\telebot\__init__.py", line 1234, in __threaded_polling
    polling_thread.raise_exceptions()
  File "C:\Users\User\Desktop\project 33\attendence-and-notification\.venv\lib\site-packages\telebot\util.py", line 111, in raise_exceptions
    raise self.exception_info
  File "C:\Users\User\Desktop\project 33\attendence-and-notification\.venv\lib\site-packages\telebot\util.py", line 93, in run
    task(*args, **kwargs)
  File "C:\Users\User\Desktop\project 33\attendence-and-notification\.venv\lib\site-packages\telebot\__init__.py", line 688, in __retrieve_updates
    updates = self.get_updates(offset=(self.last_update_id + 1),
  File "C:\Users\User\Desktop\project 33\attendence-and-notification\.venv\lib\site-packages\telebot\__init__.py", line 660, in get_updates
    json_updates = apihelper.get_updates(
  File "C:\Users\User\Desktop\project 33\attendence-and-notification\.venv\lib\site-packages\telebot\apihelper.py", line 332, in get_updates
    return _make_request(token, method_url, params=payload)
  File "C:\Users\User\Desktop\project 33\attendence-and-notification\.venv\lib\site-packages\telebot\apihelper.py", line 168, in _make_request
    json_result = _check_result(method_name, result)
  File "C:\Users\User\Desktop\project 33\attendence-and-notification\.venv\lib\site-packages\telebot\apihelper.py", line 195, in _check_result
    raise ApiTelegramException(method_name, result, result_json)
telebot.apihelper.ApiTelegramException: A request to the Telegram API was unsuccessful. Error code: 409. Description: Conflict: terminated by other getUpdates request; make sure that only one bot instance is running

2024-12-05 20:06:05,472 - TeleBot - ERROR - Threaded polling exception: A request to the Telegram API was unsuccessful. Error code: 409. Description: Conflict: terminated by other getUpdates request; make sure that only one bot instance is running
2024-12-05 20:06:05,475 - TeleBot - ERROR - Exception traceback:
Traceback (most recent call last):
  File "C:\Users\User\Desktop\project 33\attendence-and-notification\.venv\lib\site-packages\telebot\__init__.py", line 1234, in __threaded_polling
    polling_thread.raise_exceptions()
  File "C:\Users\User\Desktop\project 33\attendence-and-notification\.venv\lib\site-packages\telebot\util.py", line 111, in raise_exceptions
    raise self.exception_info
  File "C:\Users\User\Desktop\project 33\attendence-and-notification\.venv\lib\site-packages\telebot\util.py", line 93, in run
    task(*args, **kwargs)
  File "C:\Users\User\Desktop\project 33\attendence-and-notification\.venv\lib\site-packages\telebot\__init__.py", line 688, in __retrieve_updates
    updates = self.get_updates(offset=(self.last_update_id + 1),
  File "C:\Users\User\Desktop\project 33\attendence-and-notification\.venv\lib\site-packages\telebot\__init__.py", line 660, in get_updates
    json_updates = apihelper.get_updates(
  File "C:\Users\User\Desktop\project 33\attendence-and-notification\.venv\lib\site-packages\telebot\apihelper.py", line 332, in get_updates
    return _make_request(token, method_url, params=payload)
  File "C:\Users\User\Desktop\project 33\attendence-and-notification\.venv\lib\site-packages\telebot\apihelper.py", line 168, in _make_request
    json_result = _check_result(method_name, result)
  File "C:\Users\User\Desktop\project 33\attendence-and-notification\.venv\lib\site-packages\telebot\apihelper.py", line 195, in _check_result
    raise ApiTelegramException(method_name, result, result_json)
telebot.apihelper.ApiTelegramException: A request to the Telegram API was unsuccessful. Error code: 409. Description: Conflict: terminated by other getUpdates request; make sure that only one bot instance is running

2024-12-05 20:06:05,563 - TeleBot - ERROR - Threaded polling exception: A request to the Telegram API was unsuccessful. Error code: 409. Description: Conflict: terminated by other getUpdates request; make sure that only one bot instance is running
2024-12-05 20:06:05,567 - TeleBot - ERROR - Exception traceback:
Traceback (most recent call last):
  File "C:\Users\User\Desktop\project 33\attendence-and-notification\.venv\lib\site-packages\telebot\__init__.py", line 1234, in __threaded_polling
    polling_thread.raise_exceptions()
  File "C:\Users\User\Desktop\project 33\attendence-and-notification\.venv\lib\site-packages\telebot\util.py", line 111, in raise_exceptions
    raise self.exception_info
  File "C:\Users\User\Desktop\project 33\attendence-and-notification\.venv\lib\site-packages\telebot\util.py", line 93, in run
    task(*args, **kwargs)
  File "C:\Users\User\Desktop\project 33\attendence-and-notification\.venv\lib\site-packages\telebot\__init__.py", line 688, in __retrieve_updates
    updates = self.get_updates(offset=(self.last_update_id + 1),
  File "C:\Users\User\Desktop\project 33\attendence-and-notification\.venv\lib\site-packages\telebot\__init__.py", line 660, in get_updates
    json_updates = apihelper.get_updates(
  File "C:\Users\User\Desktop\project 33\attendence-and-notification\.venv\lib\site-packages\telebot\apihelper.py", line 332, in get_updates
    return _make_request(token, method_url, params=payload)
  File "C:\Users\User\Desktop\project 33\attendence-and-notification\.venv\lib\site-packages\telebot\apihelper.py", line 168, in _make_request
    json_result = _check_result(method_name, result)
  File "C:\Users\User\Desktop\project 33\attendence-and-notification\.venv\lib\site-packages\telebot\apihelper.py", line 195, in _check_result
    raise ApiTelegramException(method_name, result, result_json)
telebot.apihelper.ApiTelegramException: A request to the Telegram API was unsuccessful. Error code: 409. Description: Conflict: terminated by other getUpdates request; make sure that only one bot instance is running

2024-12-05 20:06:08,886 - TeleBot - ERROR - Threaded polling exception: A request to the Telegram API was unsuccessful. Error code: 409. Description: Conflict: terminated by other getUpdates request; make sure that only one bot instance is running
2024-12-05 20:06:08,888 - TeleBot - ERROR - Exception traceback:
Traceback (most recent call last):
  File "C:\Users\User\Desktop\project 33\attendence-and-notification\.venv\lib\site-packages\telebot\__init__.py", line 1234, in __threaded_polling
    polling_thread.raise_exceptions()
  File "C:\Users\User\Desktop\project 33\attendence-and-notification\.venv\lib\site-packages\telebot\util.py", line 111, in raise_exceptions
    raise self.exception_info
  File "C:\Users\User\Desktop\project 33\attendence-and-notification\.venv\lib\site-packages\telebot\util.py", line 93, in run
    task(*args, **kwargs)
  File "C:\Users\User\Desktop\project 33\attendence-and-notification\.venv\lib\site-packages\telebot\__init__.py", line 688, in __retrieve_updates
    updates = self.get_updates(offset=(self.last_update_id + 1),
  File "C:\Users\User\Desktop\project 33\attendence-and-notification\.venv\lib\site-packages\telebot\__init__.py", line 660, in get_updates
    json_updates = apihelper.get_updates(
  File "C:\Users\User\Desktop\project 33\attendence-and-notification\.venv\lib\site-packages\telebot\apihelper.py", line 332, in get_updates
    return _make_request(token, method_url, params=payload)
  File "C:\Users\User\Desktop\project 33\attendence-and-notification\.venv\lib\site-packages\telebot\apihelper.py", line 168, in _make_request
    json_result = _check_result(method_name, result)
  File "C:\Users\User\Desktop\project 33\attendence-and-notification\.venv\lib\site-packages\telebot\apihelper.py", line 195, in _check_result
    raise ApiTelegramException(method_name, result, result_json)
telebot.apihelper.ApiTelegramException: A request to the Telegram API was unsuccessful. Error code: 409. Description: Conflict: terminated by other getUpdates request; make sure that only one bot instance is running

2024-12-05 20:06:09,200 - TeleBot - ERROR - Threaded polling exception: A request to the Telegram API was unsuccessful. Error code: 409. Description: Conflict: terminated by other getUpdates request; make sure that only one bot instance is running
2024-12-05 20:06:09,202 - TeleBot - ERROR - Exception traceback:
Traceback (most recent call last):
  File "C:\Users\User\Desktop\project 33\attendence-and-notification\.venv\lib\site-packages\telebot\__init__.py", line 1234, in __threaded_polling
    polling_thread.raise_exceptions()
  File "C:\Users\User\Desktop\project 33\attendence-and-notification\.venv\lib\site-packages\telebot\util.py", line 111, in raise_exceptions
    raise self.exception_info
  File "C:\Users\User\Desktop\project 33\attendence-and-notification\.venv\lib\site-packages\telebot\util.py", line 93, in run
    task(*args, **kwargs)
  File "C:\Users\User\Desktop\project 33\attendence-and-notification\.venv\lib\site-packages\telebot\__init__.py", line 688, in __retrieve_updates
    updates = self.get_updates(offset=(self.last_update_id + 1),
  File "C:\Users\User\Desktop\project 33\attendence-and-notification\.venv\lib\site-packages\telebot\__init__.py", line 660, in get_updates
    json_updates = apihelper.get_updates(
  File "C:\Users\User\Desktop\project 33\attendence-and-notification\.venv\lib\site-packages\telebot\apihelper.py", line 332, in get_updates
    return _make_request(token, method_url, params=payload)
  File "C:\Users\User\Desktop\project 33\attendence-and-notification\.venv\lib\site-packages\telebot\apihelper.py", line 168, in _make_request
    json_result = _check_result(method_name, result)
  File "C:\Users\User\Desktop\project 33\attendence-and-notification\.venv\lib\site-packages\telebot\apihelper.py", line 195, in _check_result
    raise ApiTelegramException(method_name, result, result_json)
telebot.apihelper.ApiTelegramException: A request to the Telegram API was unsuccessful. Error code: 409. Description: Conflict: terminated by other getUpdates request; make sure that only one bot instance is running

2024-12-05 20:06:09,532 - TeleBot - ERROR - Threaded polling exception: A request to the Telegram API was unsuccessful. Error code: 409. Description: Conflict: terminated by other getUpdates request; make sure that only one bot instance is running
2024-12-05 20:06:09,535 - TeleBot - ERROR - Exception traceback:
Traceback (most recent call last):
  File "C:\Users\User\Desktop\project 33\attendence-and-notification\.venv\lib\site-packages\telebot\__init__.py", line 1234, in __threaded_polling
    polling_thread.raise_exceptions()
  File "C:\Users\User\Desktop\project 33\attendence-and-notification\.venv\lib\site-packages\telebot\util.py", line 111, in raise_exceptions
    raise self.exception_info
  File "C:\Users\User\Desktop\project 33\attendence-and-notification\.venv\lib\site-packages\telebot\util.py", line 93, in run
    task(*args, **kwargs)
  File "C:\Users\User\Desktop\project 33\attendence-and-notification\.venv\lib\site-packages\telebot\__init__.py", line 688, in __retrieve_updates
    updates = self.get_updates(offset=(self.last_update_id + 1),
  File "C:\Users\User\Desktop\project 33\attendence-and-notification\.venv\lib\site-packages\telebot\__init__.py", line 660, in get_updates
    json_updates = apihelper.get_updates(
  File "C:\Users\User\Desktop\project 33\attendence-and-notification\.venv\lib\site-packages\telebot\apihelper.py", line 332, in get_updates
    return _make_request(token, method_url, params=payload)
  File "C:\Users\User\Desktop\project 33\attendence-and-notification\.venv\lib\site-packages\telebot\apihelper.py", line 168, in _make_request
    json_result = _check_result(method_name, result)
  File "C:\Users\User\Desktop\project 33\attendence-and-notification\.venv\lib\site-packages\telebot\apihelper.py", line 195, in _check_result
    raise ApiTelegramException(method_name, result, result_json)
telebot.apihelper.ApiTelegramException: A request to the Telegram API was unsuccessful. Error code: 409. Description: Conflict: terminated by other getUpdates request; make sure that only one bot instance is running

2024-12-05 20:06:12,832 - TeleBot - ERROR - Threaded polling exception: A request to the Telegram API was unsuccessful. Error code: 409. Description: Conflict: terminated by other getUpdates request; make sure that only one bot instance is running
2024-12-05 20:06:12,832 - TeleBot - ERROR - Exception traceback:
Traceback (most recent call last):
  File "C:\Users\User\Desktop\project 33\attendence-and-notification\.venv\lib\site-packages\telebot\__init__.py", line 1234, in __threaded_polling
    polling_thread.raise_exceptions()
  File "C:\Users\User\Desktop\project 33\attendence-and-notification\.venv\lib\site-packages\telebot\util.py", line 111, in raise_exceptions
    raise self.exception_info
  File "C:\Users\User\Desktop\project 33\attendence-and-notification\.venv\lib\site-packages\telebot\util.py", line 93, in run
    task(*args, **kwargs)
  File "C:\Users\User\Desktop\project 33\attendence-and-notification\.venv\lib\site-packages\telebot\__init__.py", line 688, in __retrieve_updates
    updates = self.get_updates(offset=(self.last_update_id + 1),
  File "C:\Users\User\Desktop\project 33\attendence-and-notification\.venv\lib\site-packages\telebot\__init__.py", line 660, in get_updates
    json_updates = apihelper.get_updates(
  File "C:\Users\User\Desktop\project 33\attendence-and-notification\.venv\lib\site-packages\telebot\apihelper.py", line 332, in get_updates
    return _make_request(token, method_url, params=payload)
  File "C:\Users\User\Desktop\project 33\attendence-and-notification\.venv\lib\site-packages\telebot\apihelper.py", line 168, in _make_request
    json_result = _check_result(method_name, result)
  File "C:\Users\User\Desktop\project 33\attendence-and-notification\.venv\lib\site-packages\telebot\apihelper.py", line 195, in _check_result
    raise ApiTelegramException(method_name, result, result_json)
telebot.apihelper.ApiTelegramException: A request to the Telegram API was unsuccessful. Error code: 409. Description: Conflict: terminated by other getUpdates request; make sure that only one bot instance is running

2024-12-05 20:06:13,700 - TeleBot - ERROR - Threaded polling exception: A request to the Telegram API was unsuccessful. Error code: 409. Description: Conflict: terminated by other getUpdates request; make sure that only one bot instance is running
2024-12-05 20:06:13,703 - TeleBot - ERROR - Exception traceback:
Traceback (most recent call last):
  File "C:\Users\User\Desktop\project 33\attendence-and-notification\.venv\lib\site-packages\telebot\__init__.py", line 1234, in __threaded_polling
    polling_thread.raise_exceptions()
  File "C:\Users\User\Desktop\project 33\attendence-and-notification\.venv\lib\site-packages\telebot\util.py", line 111, in raise_exceptions
    raise self.exception_info
  File "C:\Users\User\Desktop\project 33\attendence-and-notification\.venv\lib\site-packages\telebot\util.py", line 93, in run
    task(*args, **kwargs)
  File "C:\Users\User\Desktop\project 33\attendence-and-notification\.venv\lib\site-packages\telebot\__init__.py", line 688, in __retrieve_updates
    updates = self.get_updates(offset=(self.last_update_id + 1),
  File "C:\Users\User\Desktop\project 33\attendence-and-notification\.venv\lib\site-packages\telebot\__init__.py", line 660, in get_updates
    json_updates = apihelper.get_updates(
  File "C:\Users\User\Desktop\project 33\attendence-and-notification\.venv\lib\site-packages\telebot\apihelper.py", line 332, in get_updates
    return _make_request(token, method_url, params=payload)
  File "C:\Users\User\Desktop\project 33\attendence-and-notification\.venv\lib\site-packages\telebot\apihelper.py", line 168, in _make_request
    json_result = _check_result(method_name, result)
  File "C:\Users\User\Desktop\project 33\attendence-and-notification\.venv\lib\site-packages\telebot\apihelper.py", line 195, in _check_result
    raise ApiTelegramException(method_name, result, result_json)
telebot.apihelper.ApiTelegramException: A request to the Telegram API was unsuccessful. Error code: 409. Description: Conflict: terminated by other getUpdates request; make sure that only one bot instance is running

2024-12-05 20:06:13,969 - TeleBot - ERROR - Threaded polling exception: A request to the Telegram API was unsuccessful. Error code: 409. Description: Conflict: terminated by other getUpdates request; make sure that only one bot instance is running
2024-12-05 20:06:13,971 - TeleBot - ERROR - Exception traceback:
Traceback (most recent call last):
  File "C:\Users\User\Desktop\project 33\attendence-and-notification\.venv\lib\site-packages\telebot\__init__.py", line 1234, in __threaded_polling
    polling_thread.raise_exceptions()
  File "C:\Users\User\Desktop\project 33\attendence-and-notification\.venv\lib\site-packages\telebot\util.py", line 111, in raise_exceptions
    raise self.exception_info
  File "C:\Users\User\Desktop\project 33\attendence-and-notification\.venv\lib\site-packages\telebot\util.py", line 93, in run
    task(*args, **kwargs)
  File "C:\Users\User\Desktop\project 33\attendence-and-notification\.venv\lib\site-packages\telebot\__init__.py", line 688, in __retrieve_updates
    updates = self.get_updates(offset=(self.last_update_id + 1),
  File "C:\Users\User\Desktop\project 33\attendence-and-notification\.venv\lib\site-packages\telebot\__init__.py", line 660, in get_updates
    json_updates = apihelper.get_updates(
  File "C:\Users\User\Desktop\project 33\attendence-and-notification\.venv\lib\site-packages\telebot\apihelper.py", line 332, in get_updates
    return _make_request(token, method_url, params=payload)
  File "C:\Users\User\Desktop\project 33\attendence-and-notification\.venv\lib\site-packages\telebot\apihelper.py", line 168, in _make_request
    json_result = _check_result(method_name, result)
  File "C:\Users\User\Desktop\project 33\attendence-and-notification\.venv\lib\site-packages\telebot\apihelper.py", line 195, in _check_result
    raise ApiTelegramException(method_name, result, result_json)
telebot.apihelper.ApiTelegramException: A request to the Telegram API was unsuccessful. Error code: 409. Description: Conflict: terminated by other getUpdates request; make sure that only one bot instance is running

2024-12-05 20:06:17,832 - TeleBot - ERROR - Threaded polling exception: A request to the Telegram API was unsuccessful. Error code: 409. Description: Conflict: terminated by other getUpdates request; make sure that only one bot instance is running
2024-12-05 20:06:17,836 - TeleBot - ERROR - Exception traceback:
Traceback (most recent call last):
  File "C:\Users\User\Desktop\project 33\attendence-and-notification\.venv\lib\site-packages\telebot\__init__.py", line 1234, in __threaded_polling
    polling_thread.raise_exceptions()
  File "C:\Users\User\Desktop\project 33\attendence-and-notification\.venv\lib\site-packages\telebot\util.py", line 111, in raise_exceptions
    raise self.exception_info
  File "C:\Users\User\Desktop\project 33\attendence-and-notification\.venv\lib\site-packages\telebot\util.py", line 93, in run
    task(*args, **kwargs)
  File "C:\Users\User\Desktop\project 33\attendence-and-notification\.venv\lib\site-packages\telebot\__init__.py", line 688, in __retrieve_updates
    updates = self.get_updates(offset=(self.last_update_id + 1),
  File "C:\Users\User\Desktop\project 33\attendence-and-notification\.venv\lib\site-packages\telebot\__init__.py", line 660, in get_updates
    json_updates = apihelper.get_updates(
  File "C:\Users\User\Desktop\project 33\attendence-and-notification\.venv\lib\site-packages\telebot\apihelper.py", line 332, in get_updates
    return _make_request(token, method_url, params=payload)
  File "C:\Users\User\Desktop\project 33\attendence-and-notification\.venv\lib\site-packages\telebot\apihelper.py", line 168, in _make_request
    json_result = _check_result(method_name, result)
  File "C:\Users\User\Desktop\project 33\attendence-and-notification\.venv\lib\site-packages\telebot\apihelper.py", line 195, in _check_result
    raise ApiTelegramException(method_name, result, result_json)
telebot.apihelper.ApiTelegramException: A request to the Telegram API was unsuccessful. Error code: 409. Description: Conflict: terminated by other getUpdates request; make sure that only one bot instance is running

2024-12-05 20:06:19,120 - TeleBot - ERROR - Threaded polling exception: A request to the Telegram API was unsuccessful. Error code: 409. Description: Conflict: terminated by other getUpdates request; make sure that only one bot instance is running
2024-12-05 20:06:19,122 - TeleBot - ERROR - Exception traceback:
Traceback (most recent call last):
  File "C:\Users\User\Desktop\project 33\attendence-and-notification\.venv\lib\site-packages\telebot\__init__.py", line 1234, in __threaded_polling
    polling_thread.raise_exceptions()
  File "C:\Users\User\Desktop\project 33\attendence-and-notification\.venv\lib\site-packages\telebot\util.py", line 111, in raise_exceptions
    raise self.exception_info
  File "C:\Users\User\Desktop\project 33\attendence-and-notification\.venv\lib\site-packages\telebot\util.py", line 93, in run
    task(*args, **kwargs)
  File "C:\Users\User\Desktop\project 33\attendence-and-notification\.venv\lib\site-packages\telebot\__init__.py", line 688, in __retrieve_updates
    updates = self.get_updates(offset=(self.last_update_id + 1),
  File "C:\Users\User\Desktop\project 33\attendence-and-notification\.venv\lib\site-packages\telebot\__init__.py", line 660, in get_updates
    json_updates = apihelper.get_updates(
  File "C:\Users\User\Desktop\project 33\attendence-and-notification\.venv\lib\site-packages\telebot\apihelper.py", line 332, in get_updates
    return _make_request(token, method_url, params=payload)
  File "C:\Users\User\Desktop\project 33\attendence-and-notification\.venv\lib\site-packages\telebot\apihelper.py", line 168, in _make_request
    json_result = _check_result(method_name, result)
  File "C:\Users\User\Desktop\project 33\attendence-and-notification\.venv\lib\site-packages\telebot\apihelper.py", line 195, in _check_result
    raise ApiTelegramException(method_name, result, result_json)
telebot.apihelper.ApiTelegramException: A request to the Telegram API was unsuccessful. Error code: 409. Description: Conflict: terminated by other getUpdates request; make sure that only one bot instance is running

2024-12-05 20:06:19,973 - TeleBot - ERROR - Threaded polling exception: A request to the Telegram API was unsuccessful. Error code: 409. Description: Conflict: terminated by other getUpdates request; make sure that only one bot instance is running
2024-12-05 20:06:19,973 - TeleBot - ERROR - Exception traceback:
Traceback (most recent call last):
  File "C:\Users\User\Desktop\project 33\attendence-and-notification\.venv\lib\site-packages\telebot\__init__.py", line 1234, in __threaded_polling
    polling_thread.raise_exceptions()
  File "C:\Users\User\Desktop\project 33\attendence-and-notification\.venv\lib\site-packages\telebot\util.py", line 111, in raise_exceptions
    raise self.exception_info
  File "C:\Users\User\Desktop\project 33\attendence-and-notification\.venv\lib\site-packages\telebot\util.py", line 93, in run
    task(*args, **kwargs)
  File "C:\Users\User\Desktop\project 33\attendence-and-notification\.venv\lib\site-packages\telebot\__init__.py", line 688, in __retrieve_updates
    updates = self.get_updates(offset=(self.last_update_id + 1),
  File "C:\Users\User\Desktop\project 33\attendence-and-notification\.venv\lib\site-packages\telebot\__init__.py", line 660, in get_updates
    json_updates = apihelper.get_updates(
  File "C:\Users\User\Desktop\project 33\attendence-and-notification\.venv\lib\site-packages\telebot\apihelper.py", line 332, in get_updates
    return _make_request(token, method_url, params=payload)
  File "C:\Users\User\Desktop\project 33\attendence-and-notification\.venv\lib\site-packages\telebot\apihelper.py", line 168, in _make_request
    json_result = _check_result(method_name, result)
  File "C:\Users\User\Desktop\project 33\attendence-and-notification\.venv\lib\site-packages\telebot\apihelper.py", line 195, in _check_result
    raise ApiTelegramException(method_name, result, result_json)
telebot.apihelper.ApiTelegramException: A request to the Telegram API was unsuccessful. Error code: 409. Description: Conflict: terminated by other getUpdates request; make sure that only one bot instance is running

2024-12-05 20:06:24,142 - TeleBot - ERROR - Threaded polling exception: A request to the Telegram API was unsuccessful. Error code: 409. Description: Conflict: terminated by other getUpdates request; make sure that only one bot instance is running
2024-12-05 20:06:24,148 - TeleBot - ERROR - Exception traceback:
Traceback (most recent call last):
  File "C:\Users\User\Desktop\project 33\attendence-and-notification\.venv\lib\site-packages\telebot\__init__.py", line 1234, in __threaded_polling
    polling_thread.raise_exceptions()
  File "C:\Users\User\Desktop\project 33\attendence-and-notification\.venv\lib\site-packages\telebot\util.py", line 111, in raise_exceptions
    raise self.exception_info
  File "C:\Users\User\Desktop\project 33\attendence-and-notification\.venv\lib\site-packages\telebot\util.py", line 93, in run
    task(*args, **kwargs)
  File "C:\Users\User\Desktop\project 33\attendence-and-notification\.venv\lib\site-packages\telebot\__init__.py", line 688, in __retrieve_updates
    updates = self.get_updates(offset=(self.last_update_id + 1),
  File "C:\Users\User\Desktop\project 33\attendence-and-notification\.venv\lib\site-packages\telebot\__init__.py", line 660, in get_updates
    json_updates = apihelper.get_updates(
  File "C:\Users\User\Desktop\project 33\attendence-and-notification\.venv\lib\site-packages\telebot\apihelper.py", line 332, in get_updates
    return _make_request(token, method_url, params=payload)
  File "C:\Users\User\Desktop\project 33\attendence-and-notification\.venv\lib\site-packages\telebot\apihelper.py", line 168, in _make_request
    json_result = _check_result(method_name, result)
  File "C:\Users\User\Desktop\project 33\attendence-and-notification\.venv\lib\site-packages\telebot\apihelper.py", line 195, in _check_result
    raise ApiTelegramException(method_name, result, result_json)
telebot.apihelper.ApiTelegramException: A request to the Telegram API was unsuccessful. Error code: 409. Description: Conflict: terminated by other getUpdates request; make sure that only one bot instance is running

2024-12-05 20:06:24,271 - TeleBot - ERROR - Threaded polling exception: A request to the Telegram API was unsuccessful. Error code: 409. Description: Conflict: terminated by other getUpdates request; make sure that only one bot instance is running
2024-12-05 20:06:24,272 - TeleBot - ERROR - Exception traceback:
Traceback (most recent call last):
  File "C:\Users\User\Desktop\project 33\attendence-and-notification\.venv\lib\site-packages\telebot\__init__.py", line 1234, in __threaded_polling
    polling_thread.raise_exceptions()
  File "C:\Users\User\Desktop\project 33\attendence-and-notification\.venv\lib\site-packages\telebot\util.py", line 111, in raise_exceptions
    raise self.exception_info
  File "C:\Users\User\Desktop\project 33\attendence-and-notification\.venv\lib\site-packages\telebot\util.py", line 93, in run
    task(*args, **kwargs)
  File "C:\Users\User\Desktop\project 33\attendence-and-notification\.venv\lib\site-packages\telebot\__init__.py", line 688, in __retrieve_updates
    updates = self.get_updates(offset=(self.last_update_id + 1),
  File "C:\Users\User\Desktop\project 33\attendence-and-notification\.venv\lib\site-packages\telebot\__init__.py", line 660, in get_updates
    json_updates = apihelper.get_updates(
  File "C:\Users\User\Desktop\project 33\attendence-and-notification\.venv\lib\site-packages\telebot\apihelper.py", line 332, in get_updates
    return _make_request(token, method_url, params=payload)
  File "C:\Users\User\Desktop\project 33\attendence-and-notification\.venv\lib\site-packages\telebot\apihelper.py", line 168, in _make_request
    json_result = _check_result(method_name, result)
  File "C:\Users\User\Desktop\project 33\attendence-and-notification\.venv\lib\site-packages\telebot\apihelper.py", line 195, in _check_result
    raise ApiTelegramException(method_name, result, result_json)
telebot.apihelper.ApiTelegramException: A request to the Telegram API was unsuccessful. Error code: 409. Description: Conflict: terminated by other getUpdates request; make sure that only one bot instance is running

2024-12-05 20:06:28,352 - TeleBot - ERROR - Threaded polling exception: A request to the Telegram API was unsuccessful. Error code: 409. Description: Conflict: terminated by other getUpdates request; make sure that only one bot instance is running
2024-12-05 20:06:28,354 - TeleBot - ERROR - Exception traceback:
Traceback (most recent call last):
  File "C:\Users\User\Desktop\project 33\attendence-and-notification\.venv\lib\site-packages\telebot\__init__.py", line 1234, in __threaded_polling
    polling_thread.raise_exceptions()
  File "C:\Users\User\Desktop\project 33\attendence-and-notification\.venv\lib\site-packages\telebot\util.py", line 111, in raise_exceptions
    raise self.exception_info
  File "C:\Users\User\Desktop\project 33\attendence-and-notification\.venv\lib\site-packages\telebot\util.py", line 93, in run
    task(*args, **kwargs)
  File "C:\Users\User\Desktop\project 33\attendence-and-notification\.venv\lib\site-packages\telebot\__init__.py", line 688, in __retrieve_updates
    updates = self.get_updates(offset=(self.last_update_id + 1),
  File "C:\Users\User\Desktop\project 33\attendence-and-notification\.venv\lib\site-packages\telebot\__init__.py", line 660, in get_updates
    json_updates = apihelper.get_updates(
  File "C:\Users\User\Desktop\project 33\attendence-and-notification\.venv\lib\site-packages\telebot\apihelper.py", line 332, in get_updates
    return _make_request(token, method_url, params=payload)
  File "C:\Users\User\Desktop\project 33\attendence-and-notification\.venv\lib\site-packages\telebot\apihelper.py", line 168, in _make_request
    json_result = _check_result(method_name, result)
  File "C:\Users\User\Desktop\project 33\attendence-and-notification\.venv\lib\site-packages\telebot\apihelper.py", line 195, in _check_result
    raise ApiTelegramException(method_name, result, result_json)
telebot.apihelper.ApiTelegramException: A request to the Telegram API was unsuccessful. Error code: 409. Description: Conflict: terminated by other getUpdates request; make sure that only one bot instance is running

2024-12-05 20:06:31,414 - TeleBot - ERROR - Threaded polling exception: A request to the Telegram API was unsuccessful. Error code: 409. Description: Conflict: terminated by other getUpdates request; make sure that only one bot instance is running
2024-12-05 20:06:31,421 - TeleBot - ERROR - Exception traceback:
Traceback (most recent call last):
  File "C:\Users\User\Desktop\project 33\attendence-and-notification\.venv\lib\site-packages\telebot\__init__.py", line 1234, in __threaded_polling
    polling_thread.raise_exceptions()
  File "C:\Users\User\Desktop\project 33\attendence-and-notification\.venv\lib\site-packages\telebot\util.py", line 111, in raise_exceptions
    raise self.exception_info
  File "C:\Users\User\Desktop\project 33\attendence-and-notification\.venv\lib\site-packages\telebot\util.py", line 93, in run
    task(*args, **kwargs)
  File "C:\Users\User\Desktop\project 33\attendence-and-notification\.venv\lib\site-packages\telebot\__init__.py", line 688, in __retrieve_updates
    updates = self.get_updates(offset=(self.last_update_id + 1),
  File "C:\Users\User\Desktop\project 33\attendence-and-notification\.venv\lib\site-packages\telebot\__init__.py", line 660, in get_updates
    json_updates = apihelper.get_updates(
  File "C:\Users\User\Desktop\project 33\attendence-and-notification\.venv\lib\site-packages\telebot\apihelper.py", line 332, in get_updates
    return _make_request(token, method_url, params=payload)
  File "C:\Users\User\Desktop\project 33\attendence-and-notification\.venv\lib\site-packages\telebot\apihelper.py", line 168, in _make_request
    json_result = _check_result(method_name, result)
  File "C:\Users\User\Desktop\project 33\attendence-and-notification\.venv\lib\site-packages\telebot\apihelper.py", line 195, in _check_result
    raise ApiTelegramException(method_name, result, result_json)
telebot.apihelper.ApiTelegramException: A request to the Telegram API was unsuccessful. Error code: 409. Description: Conflict: terminated by other getUpdates request; make sure that only one bot instance is running

2024-12-05 20:06:36,508 - TeleBot - ERROR - Threaded polling exception: A request to the Telegram API was unsuccessful. Error code: 409. Description: Conflict: terminated by other getUpdates request; make sure that only one bot instance is running
2024-12-05 20:06:36,509 - TeleBot - ERROR - Exception traceback:
Traceback (most recent call last):
  File "C:\Users\User\Desktop\project 33\attendence-and-notification\.venv\lib\site-packages\telebot\__init__.py", line 1234, in __threaded_polling
    polling_thread.raise_exceptions()
  File "C:\Users\User\Desktop\project 33\attendence-and-notification\.venv\lib\site-packages\telebot\util.py", line 111, in raise_exceptions
    raise self.exception_info
  File "C:\Users\User\Desktop\project 33\attendence-and-notification\.venv\lib\site-packages\telebot\util.py", line 93, in run
    task(*args, **kwargs)
  File "C:\Users\User\Desktop\project 33\attendence-and-notification\.venv\lib\site-packages\telebot\__init__.py", line 688, in __retrieve_updates
    updates = self.get_updates(offset=(self.last_update_id + 1),
  File "C:\Users\User\Desktop\project 33\attendence-and-notification\.venv\lib\site-packages\telebot\__init__.py", line 660, in get_updates
    json_updates = apihelper.get_updates(
  File "C:\Users\User\Desktop\project 33\attendence-and-notification\.venv\lib\site-packages\telebot\apihelper.py", line 332, in get_updates
    return _make_request(token, method_url, params=payload)
  File "C:\Users\User\Desktop\project 33\attendence-and-notification\.venv\lib\site-packages\telebot\apihelper.py", line 168, in _make_request
    json_result = _check_result(method_name, result)
  File "C:\Users\User\Desktop\project 33\attendence-and-notification\.venv\lib\site-packages\telebot\apihelper.py", line 195, in _check_result
    raise ApiTelegramException(method_name, result, result_json)
telebot.apihelper.ApiTelegramException: A request to the Telegram API was unsuccessful. Error code: 409. Description: Conflict: terminated by other getUpdates request; make sure that only one bot instance is running

2024-12-05 20:06:39,573 - TeleBot - ERROR - Threaded polling exception: A request to the Telegram API was unsuccessful. Error code: 409. Description: Conflict: terminated by other getUpdates request; make sure that only one bot instance is running
2024-12-05 20:06:39,575 - TeleBot - ERROR - Exception traceback:
Traceback (most recent call last):
  File "C:\Users\User\Desktop\project 33\attendence-and-notification\.venv\lib\site-packages\telebot\__init__.py", line 1234, in __threaded_polling
    polling_thread.raise_exceptions()
  File "C:\Users\User\Desktop\project 33\attendence-and-notification\.venv\lib\site-packages\telebot\util.py", line 111, in raise_exceptions
    raise self.exception_info
  File "C:\Users\User\Desktop\project 33\attendence-and-notification\.venv\lib\site-packages\telebot\util.py", line 93, in run
    task(*args, **kwargs)
  File "C:\Users\User\Desktop\project 33\attendence-and-notification\.venv\lib\site-packages\telebot\__init__.py", line 688, in __retrieve_updates
    updates = self.get_updates(offset=(self.last_update_id + 1),
  File "C:\Users\User\Desktop\project 33\attendence-and-notification\.venv\lib\site-packages\telebot\__init__.py", line 660, in get_updates
    json_updates = apihelper.get_updates(
  File "C:\Users\User\Desktop\project 33\attendence-and-notification\.venv\lib\site-packages\telebot\apihelper.py", line 332, in get_updates
    return _make_request(token, method_url, params=payload)
  File "C:\Users\User\Desktop\project 33\attendence-and-notification\.venv\lib\site-packages\telebot\apihelper.py", line 168, in _make_request
    json_result = _check_result(method_name, result)
  File "C:\Users\User\Desktop\project 33\attendence-and-notification\.venv\lib\site-packages\telebot\apihelper.py", line 195, in _check_result
    raise ApiTelegramException(method_name, result, result_json)
telebot.apihelper.ApiTelegramException: A request to the Telegram API was unsuccessful. Error code: 409. Description: Conflict: terminated by other getUpdates request; make sure that only one bot instance is running

2024-12-05 20:06:44,641 - TeleBot - ERROR - Threaded polling exception: A request to the Telegram API was unsuccessful. Error code: 409. Description: Conflict: terminated by other getUpdates request; make sure that only one bot instance is running
2024-12-05 20:06:44,641 - TeleBot - ERROR - Exception traceback:
Traceback (most recent call last):
  File "C:\Users\User\Desktop\project 33\attendence-and-notification\.venv\lib\site-packages\telebot\__init__.py", line 1234, in __threaded_polling
    polling_thread.raise_exceptions()
  File "C:\Users\User\Desktop\project 33\attendence-and-notification\.venv\lib\site-packages\telebot\util.py", line 111, in raise_exceptions
    raise self.exception_info
  File "C:\Users\User\Desktop\project 33\attendence-and-notification\.venv\lib\site-packages\telebot\util.py", line 93, in run
    task(*args, **kwargs)
  File "C:\Users\User\Desktop\project 33\attendence-and-notification\.venv\lib\site-packages\telebot\__init__.py", line 688, in __retrieve_updates
    updates = self.get_updates(offset=(self.last_update_id + 1),
  File "C:\Users\User\Desktop\project 33\attendence-and-notification\.venv\lib\site-packages\telebot\__init__.py", line 660, in get_updates
    json_updates = apihelper.get_updates(
  File "C:\Users\User\Desktop\project 33\attendence-and-notification\.venv\lib\site-packages\telebot\apihelper.py", line 332, in get_updates
    return _make_request(token, method_url, params=payload)
  File "C:\Users\User\Desktop\project 33\attendence-and-notification\.venv\lib\site-packages\telebot\apihelper.py", line 168, in _make_request
    json_result = _check_result(method_name, result)
  File "C:\Users\User\Desktop\project 33\attendence-and-notification\.venv\lib\site-packages\telebot\apihelper.py", line 195, in _check_result
    raise ApiTelegramException(method_name, result, result_json)
telebot.apihelper.ApiTelegramException: A request to the Telegram API was unsuccessful. Error code: 409. Description: Conflict: terminated by other getUpdates request; make sure that only one bot instance is running

2024-12-05 20:06:49,344 - django.utils.autoreload - INFO - C:\Users\User\Desktop\project 33\attendence-and-notification\attendence\telegram_bot_updated.py changed, reloading.
2024-12-05 20:06:50,487 - attendence.telegram_bot_updated - INFO - Bot initialized successfully with token
2024-12-05 20:06:50,828 - attendence.telegram_bot_updated - INFO - Bot status check: {'bot_connected': True, 'bot_username': '@notification_softclub_bot', 'bot_name': 'Notification Softclub', 'active_groups_count': 2, 'active_groups': ['Test Bots (ID: -4664539814)', 'BOT TEST (ID: -4539632586)'], 'last_check': '2024-12-05 20:06:50'}
2024-12-05 20:06:50,830 - attendence.telegram_bot_updated - INFO - Bot is ready. Connected as @notification_softclub_bot
2024-12-05 20:06:50,830 - attendence.telegram_bot_updated - INFO - Active groups: 2
2024-12-05 20:06:50,941 - attendence.telegram_bot_updated - INFO - Bot connection test successful! Bot info: Notification Softclub (@notification_softclub_bot)
2024-12-05 20:06:50,941 - attendence.telegram_bot_updated - INFO - Bot is ready to send messages
2024-12-05 20:06:50,941 - attendence.telegram_bot_updated - INFO - Telegram bot started successfully!
2024-12-05 20:06:51,682 - TeleBot - ERROR - Threaded polling exception: A request to the Telegram API was unsuccessful. Error code: 409. Description: Conflict: terminated by other getUpdates request; make sure that only one bot instance is running
2024-12-05 20:06:51,686 - TeleBot - ERROR - Exception traceback:
Traceback (most recent call last):
  File "C:\Users\User\Desktop\project 33\attendence-and-notification\.venv\lib\site-packages\telebot\__init__.py", line 1234, in __threaded_polling
    polling_thread.raise_exceptions()
  File "C:\Users\User\Desktop\project 33\attendence-and-notification\.venv\lib\site-packages\telebot\util.py", line 111, in raise_exceptions
    raise self.exception_info
  File "C:\Users\User\Desktop\project 33\attendence-and-notification\.venv\lib\site-packages\telebot\util.py", line 93, in run
    task(*args, **kwargs)
  File "C:\Users\User\Desktop\project 33\attendence-and-notification\.venv\lib\site-packages\telebot\__init__.py", line 688, in __retrieve_updates
    updates = self.get_updates(offset=(self.last_update_id + 1),
  File "C:\Users\User\Desktop\project 33\attendence-and-notification\.venv\lib\site-packages\telebot\__init__.py", line 660, in get_updates
    json_updates = apihelper.get_updates(
  File "C:\Users\User\Desktop\project 33\attendence-and-notification\.venv\lib\site-packages\telebot\apihelper.py", line 332, in get_updates
    return _make_request(token, method_url, params=payload)
  File "C:\Users\User\Desktop\project 33\attendence-and-notification\.venv\lib\site-packages\telebot\apihelper.py", line 168, in _make_request
    json_result = _check_result(method_name, result)
  File "C:\Users\User\Desktop\project 33\attendence-and-notification\.venv\lib\site-packages\telebot\apihelper.py", line 195, in _check_result
    raise ApiTelegramException(method_name, result, result_json)
telebot.apihelper.ApiTelegramException: A request to the Telegram API was unsuccessful. Error code: 409. Description: Conflict: terminated by other getUpdates request; make sure that only one bot instance is running

2024-12-05 20:07:00,818 - TeleBot - ERROR - Threaded polling exception: A request to the Telegram API was unsuccessful. Error code: 409. Description: Conflict: terminated by other getUpdates request; make sure that only one bot instance is running
2024-12-05 20:07:00,820 - TeleBot - ERROR - Exception traceback:
Traceback (most recent call last):
  File "C:\Users\User\Desktop\project 33\attendence-and-notification\.venv\lib\site-packages\telebot\__init__.py", line 1234, in __threaded_polling
    polling_thread.raise_exceptions()
  File "C:\Users\User\Desktop\project 33\attendence-and-notification\.venv\lib\site-packages\telebot\util.py", line 111, in raise_exceptions
    raise self.exception_info
  File "C:\Users\User\Desktop\project 33\attendence-and-notification\.venv\lib\site-packages\telebot\util.py", line 93, in run
    task(*args, **kwargs)
  File "C:\Users\User\Desktop\project 33\attendence-and-notification\.venv\lib\site-packages\telebot\__init__.py", line 688, in __retrieve_updates
    updates = self.get_updates(offset=(self.last_update_id + 1),
  File "C:\Users\User\Desktop\project 33\attendence-and-notification\.venv\lib\site-packages\telebot\__init__.py", line 660, in get_updates
    json_updates = apihelper.get_updates(
  File "C:\Users\User\Desktop\project 33\attendence-and-notification\.venv\lib\site-packages\telebot\apihelper.py", line 332, in get_updates
    return _make_request(token, method_url, params=payload)
  File "C:\Users\User\Desktop\project 33\attendence-and-notification\.venv\lib\site-packages\telebot\apihelper.py", line 168, in _make_request
    json_result = _check_result(method_name, result)
  File "C:\Users\User\Desktop\project 33\attendence-and-notification\.venv\lib\site-packages\telebot\apihelper.py", line 195, in _check_result
    raise ApiTelegramException(method_name, result, result_json)
telebot.apihelper.ApiTelegramException: A request to the Telegram API was unsuccessful. Error code: 409. Description: Conflict: terminated by other getUpdates request; make sure that only one bot instance is running

2024-12-05 20:07:02,342 - attendence.telegram_bot_updated - INFO - Starting to send notification for message ID: 35
2024-12-05 20:07:02,353 - attendence.telegram_bot_updated - INFO - Sending to selected groups. Found 0 groups
2024-12-05 20:07:02,355 - attendence.telegram_bot_updated - WARNING - No target groups found!
2024-12-05 20:07:04,226 - TeleBot - ERROR - Threaded polling exception: A request to the Telegram API was unsuccessful. Error code: 409. Description: Conflict: terminated by other getUpdates request; make sure that only one bot instance is running
2024-12-05 20:07:04,230 - TeleBot - ERROR - Exception traceback:
Traceback (most recent call last):
  File "C:\Users\User\Desktop\project 33\attendence-and-notification\.venv\lib\site-packages\telebot\__init__.py", line 1234, in __threaded_polling
    polling_thread.raise_exceptions()
  File "C:\Users\User\Desktop\project 33\attendence-and-notification\.venv\lib\site-packages\telebot\util.py", line 111, in raise_exceptions
    raise self.exception_info
  File "C:\Users\User\Desktop\project 33\attendence-and-notification\.venv\lib\site-packages\telebot\util.py", line 93, in run
    task(*args, **kwargs)
  File "C:\Users\User\Desktop\project 33\attendence-and-notification\.venv\lib\site-packages\telebot\__init__.py", line 688, in __retrieve_updates
    updates = self.get_updates(offset=(self.last_update_id + 1),
  File "C:\Users\User\Desktop\project 33\attendence-and-notification\.venv\lib\site-packages\telebot\__init__.py", line 660, in get_updates
    json_updates = apihelper.get_updates(
  File "C:\Users\User\Desktop\project 33\attendence-and-notification\.venv\lib\site-packages\telebot\apihelper.py", line 332, in get_updates
    return _make_request(token, method_url, params=payload)
  File "C:\Users\User\Desktop\project 33\attendence-and-notification\.venv\lib\site-packages\telebot\apihelper.py", line 168, in _make_request
    json_result = _check_result(method_name, result)
  File "C:\Users\User\Desktop\project 33\attendence-and-notification\.venv\lib\site-packages\telebot\apihelper.py", line 195, in _check_result
    raise ApiTelegramException(method_name, result, result_json)
telebot.apihelper.ApiTelegramException: A request to the Telegram API was unsuccessful. Error code: 409. Description: Conflict: terminated by other getUpdates request; make sure that only one bot instance is running

2024-12-05 20:07:07,832 - TeleBot - ERROR - Threaded polling exception: A request to the Telegram API was unsuccessful. Error code: 409. Description: Conflict: terminated by other getUpdates request; make sure that only one bot instance is running
2024-12-05 20:07:08,173 - TeleBot - ERROR - Exception traceback:
Traceback (most recent call last):
  File "C:\Users\User\Desktop\project 33\attendence-and-notification\.venv\lib\site-packages\telebot\__init__.py", line 1234, in __threaded_polling
    polling_thread.raise_exceptions()
  File "C:\Users\User\Desktop\project 33\attendence-and-notification\.venv\lib\site-packages\telebot\util.py", line 111, in raise_exceptions
    raise self.exception_info
  File "C:\Users\User\Desktop\project 33\attendence-and-notification\.venv\lib\site-packages\telebot\util.py", line 93, in run
    task(*args, **kwargs)
  File "C:\Users\User\Desktop\project 33\attendence-and-notification\.venv\lib\site-packages\telebot\__init__.py", line 688, in __retrieve_updates
    updates = self.get_updates(offset=(self.last_update_id + 1),
  File "C:\Users\User\Desktop\project 33\attendence-and-notification\.venv\lib\site-packages\telebot\__init__.py", line 660, in get_updates
    json_updates = apihelper.get_updates(
  File "C:\Users\User\Desktop\project 33\attendence-and-notification\.venv\lib\site-packages\telebot\apihelper.py", line 332, in get_updates
    return _make_request(token, method_url, params=payload)
  File "C:\Users\User\Desktop\project 33\attendence-and-notification\.venv\lib\site-packages\telebot\apihelper.py", line 168, in _make_request
    json_result = _check_result(method_name, result)
  File "C:\Users\User\Desktop\project 33\attendence-and-notification\.venv\lib\site-packages\telebot\apihelper.py", line 195, in _check_result
    raise ApiTelegramException(method_name, result, result_json)
telebot.apihelper.ApiTelegramException: A request to the Telegram API was unsuccessful. Error code: 409. Description: Conflict: terminated by other getUpdates request; make sure that only one bot instance is running

2024-12-05 20:07:10,272 - django.request - WARNING - Not Found: /favicon.ico
2024-12-05 20:07:11,832 - TeleBot - ERROR - Threaded polling exception: A request to the Telegram API was unsuccessful. Error code: 409. Description: Conflict: terminated by other getUpdates request; make sure that only one bot instance is running
2024-12-05 20:07:11,832 - TeleBot - ERROR - Exception traceback:
Traceback (most recent call last):
  File "C:\Users\User\Desktop\project 33\attendence-and-notification\.venv\lib\site-packages\telebot\__init__.py", line 1234, in __threaded_polling
    polling_thread.raise_exceptions()
  File "C:\Users\User\Desktop\project 33\attendence-and-notification\.venv\lib\site-packages\telebot\util.py", line 111, in raise_exceptions
    raise self.exception_info
  File "C:\Users\User\Desktop\project 33\attendence-and-notification\.venv\lib\site-packages\telebot\util.py", line 93, in run
    task(*args, **kwargs)
  File "C:\Users\User\Desktop\project 33\attendence-and-notification\.venv\lib\site-packages\telebot\__init__.py", line 688, in __retrieve_updates
    updates = self.get_updates(offset=(self.last_update_id + 1),
  File "C:\Users\User\Desktop\project 33\attendence-and-notification\.venv\lib\site-packages\telebot\__init__.py", line 660, in get_updates
    json_updates = apihelper.get_updates(
  File "C:\Users\User\Desktop\project 33\attendence-and-notification\.venv\lib\site-packages\telebot\apihelper.py", line 332, in get_updates
    return _make_request(token, method_url, params=payload)
  File "C:\Users\User\Desktop\project 33\attendence-and-notification\.venv\lib\site-packages\telebot\apihelper.py", line 168, in _make_request
    json_result = _check_result(method_name, result)
  File "C:\Users\User\Desktop\project 33\attendence-and-notification\.venv\lib\site-packages\telebot\apihelper.py", line 195, in _check_result
    raise ApiTelegramException(method_name, result, result_json)
telebot.apihelper.ApiTelegramException: A request to the Telegram API was unsuccessful. Error code: 409. Description: Conflict: terminated by other getUpdates request; make sure that only one bot instance is running

2024-12-05 20:07:36,367 - TeleBot - ERROR - Threaded polling exception: A request to the Telegram API was unsuccessful. Error code: 409. Description: Conflict: terminated by other getUpdates request; make sure that only one bot instance is running
2024-12-05 20:07:36,367 - TeleBot - ERROR - Exception traceback:
Traceback (most recent call last):
  File "C:\Users\User\Desktop\project 33\attendence-and-notification\.venv\lib\site-packages\telebot\__init__.py", line 1234, in __threaded_polling
    polling_thread.raise_exceptions()
  File "C:\Users\User\Desktop\project 33\attendence-and-notification\.venv\lib\site-packages\telebot\util.py", line 111, in raise_exceptions
    raise self.exception_info
  File "C:\Users\User\Desktop\project 33\attendence-and-notification\.venv\lib\site-packages\telebot\util.py", line 93, in run
    task(*args, **kwargs)
  File "C:\Users\User\Desktop\project 33\attendence-and-notification\.venv\lib\site-packages\telebot\__init__.py", line 688, in __retrieve_updates
    updates = self.get_updates(offset=(self.last_update_id + 1),
  File "C:\Users\User\Desktop\project 33\attendence-and-notification\.venv\lib\site-packages\telebot\__init__.py", line 660, in get_updates
    json_updates = apihelper.get_updates(
  File "C:\Users\User\Desktop\project 33\attendence-and-notification\.venv\lib\site-packages\telebot\apihelper.py", line 332, in get_updates
    return _make_request(token, method_url, params=payload)
  File "C:\Users\User\Desktop\project 33\attendence-and-notification\.venv\lib\site-packages\telebot\apihelper.py", line 168, in _make_request
    json_result = _check_result(method_name, result)
  File "C:\Users\User\Desktop\project 33\attendence-and-notification\.venv\lib\site-packages\telebot\apihelper.py", line 195, in _check_result
    raise ApiTelegramException(method_name, result, result_json)
telebot.apihelper.ApiTelegramException: A request to the Telegram API was unsuccessful. Error code: 409. Description: Conflict: terminated by other getUpdates request; make sure that only one bot instance is running

2024-12-05 20:07:39,856 - TeleBot - ERROR - Threaded polling exception: A request to the Telegram API was unsuccessful. Error code: 409. Description: Conflict: terminated by other getUpdates request; make sure that only one bot instance is running
2024-12-05 20:07:39,858 - TeleBot - ERROR - Exception traceback:
Traceback (most recent call last):
  File "C:\Users\User\Desktop\project 33\attendence-and-notification\.venv\lib\site-packages\telebot\__init__.py", line 1234, in __threaded_polling
    polling_thread.raise_exceptions()
  File "C:\Users\User\Desktop\project 33\attendence-and-notification\.venv\lib\site-packages\telebot\util.py", line 111, in raise_exceptions
    raise self.exception_info
  File "C:\Users\User\Desktop\project 33\attendence-and-notification\.venv\lib\site-packages\telebot\util.py", line 93, in run
    task(*args, **kwargs)
  File "C:\Users\User\Desktop\project 33\attendence-and-notification\.venv\lib\site-packages\telebot\__init__.py", line 688, in __retrieve_updates
    updates = self.get_updates(offset=(self.last_update_id + 1),
  File "C:\Users\User\Desktop\project 33\attendence-and-notification\.venv\lib\site-packages\telebot\__init__.py", line 660, in get_updates
    json_updates = apihelper.get_updates(
  File "C:\Users\User\Desktop\project 33\attendence-and-notification\.venv\lib\site-packages\telebot\apihelper.py", line 332, in get_updates
    return _make_request(token, method_url, params=payload)
  File "C:\Users\User\Desktop\project 33\attendence-and-notification\.venv\lib\site-packages\telebot\apihelper.py", line 168, in _make_request
    json_result = _check_result(method_name, result)
  File "C:\Users\User\Desktop\project 33\attendence-and-notification\.venv\lib\site-packages\telebot\apihelper.py", line 195, in _check_result
    raise ApiTelegramException(method_name, result, result_json)
telebot.apihelper.ApiTelegramException: A request to the Telegram API was unsuccessful. Error code: 409. Description: Conflict: terminated by other getUpdates request; make sure that only one bot instance is running

2024-12-05 20:07:43,966 - TeleBot - ERROR - Threaded polling exception: A request to the Telegram API was unsuccessful. Error code: 409. Description: Conflict: terminated by other getUpdates request; make sure that only one bot instance is running
2024-12-05 20:07:43,967 - TeleBot - ERROR - Exception traceback:
Traceback (most recent call last):
  File "C:\Users\User\Desktop\project 33\attendence-and-notification\.venv\lib\site-packages\telebot\__init__.py", line 1234, in __threaded_polling
    polling_thread.raise_exceptions()
  File "C:\Users\User\Desktop\project 33\attendence-and-notification\.venv\lib\site-packages\telebot\util.py", line 111, in raise_exceptions
    raise self.exception_info
  File "C:\Users\User\Desktop\project 33\attendence-and-notification\.venv\lib\site-packages\telebot\util.py", line 93, in run
    task(*args, **kwargs)
  File "C:\Users\User\Desktop\project 33\attendence-and-notification\.venv\lib\site-packages\telebot\__init__.py", line 688, in __retrieve_updates
    updates = self.get_updates(offset=(self.last_update_id + 1),
  File "C:\Users\User\Desktop\project 33\attendence-and-notification\.venv\lib\site-packages\telebot\__init__.py", line 660, in get_updates
    json_updates = apihelper.get_updates(
  File "C:\Users\User\Desktop\project 33\attendence-and-notification\.venv\lib\site-packages\telebot\apihelper.py", line 332, in get_updates
    return _make_request(token, method_url, params=payload)
  File "C:\Users\User\Desktop\project 33\attendence-and-notification\.venv\lib\site-packages\telebot\apihelper.py", line 168, in _make_request
    json_result = _check_result(method_name, result)
  File "C:\Users\User\Desktop\project 33\attendence-and-notification\.venv\lib\site-packages\telebot\apihelper.py", line 195, in _check_result
    raise ApiTelegramException(method_name, result, result_json)
telebot.apihelper.ApiTelegramException: A request to the Telegram API was unsuccessful. Error code: 409. Description: Conflict: terminated by other getUpdates request; make sure that only one bot instance is running

2024-12-05 20:07:47,634 - TeleBot - ERROR - Threaded polling exception: A request to the Telegram API was unsuccessful. Error code: 409. Description: Conflict: terminated by other getUpdates request; make sure that only one bot instance is running
2024-12-05 20:07:47,634 - TeleBot - ERROR - Exception traceback:
Traceback (most recent call last):
  File "C:\Users\User\Desktop\project 33\attendence-and-notification\.venv\lib\site-packages\telebot\__init__.py", line 1234, in __threaded_polling
    polling_thread.raise_exceptions()
  File "C:\Users\User\Desktop\project 33\attendence-and-notification\.venv\lib\site-packages\telebot\util.py", line 111, in raise_exceptions
    raise self.exception_info
  File "C:\Users\User\Desktop\project 33\attendence-and-notification\.venv\lib\site-packages\telebot\util.py", line 93, in run
    task(*args, **kwargs)
  File "C:\Users\User\Desktop\project 33\attendence-and-notification\.venv\lib\site-packages\telebot\__init__.py", line 688, in __retrieve_updates
    updates = self.get_updates(offset=(self.last_update_id + 1),
  File "C:\Users\User\Desktop\project 33\attendence-and-notification\.venv\lib\site-packages\telebot\__init__.py", line 660, in get_updates
    json_updates = apihelper.get_updates(
  File "C:\Users\User\Desktop\project 33\attendence-and-notification\.venv\lib\site-packages\telebot\apihelper.py", line 332, in get_updates
    return _make_request(token, method_url, params=payload)
  File "C:\Users\User\Desktop\project 33\attendence-and-notification\.venv\lib\site-packages\telebot\apihelper.py", line 168, in _make_request
    json_result = _check_result(method_name, result)
  File "C:\Users\User\Desktop\project 33\attendence-and-notification\.venv\lib\site-packages\telebot\apihelper.py", line 195, in _check_result
    raise ApiTelegramException(method_name, result, result_json)
telebot.apihelper.ApiTelegramException: A request to the Telegram API was unsuccessful. Error code: 409. Description: Conflict: terminated by other getUpdates request; make sure that only one bot instance is running

2024-12-05 20:08:45,148 - attendence.telegram_bot_updated - INFO - Bot initialized successfully with token
2024-12-05 20:08:45,509 - attendence.telegram_bot_updated - INFO - Bot status check: {'bot_connected': True, 'bot_username': '@notification_softclub_bot', 'bot_name': 'Notification Softclub', 'active_groups_count': 2, 'active_groups': ['Test Bots (ID: -4664539814)', 'BOT TEST (ID: -4539632586)'], 'last_check': '2024-12-05 20:08:45'}
2024-12-05 20:08:45,509 - attendence.telegram_bot_updated - INFO - Bot is ready. Connected as @notification_softclub_bot
2024-12-05 20:08:45,509 - attendence.telegram_bot_updated - INFO - Active groups: 2
2024-12-05 20:08:45,637 - attendence.telegram_bot_updated - INFO - Bot connection test successful! Bot info: Notification Softclub (@notification_softclub_bot)
2024-12-05 20:08:45,638 - attendence.telegram_bot_updated - INFO - Bot is ready to send messages
2024-12-05 20:08:45,639 - attendence.telegram_bot_updated - INFO - Telegram bot started successfully!
2024-12-05 20:08:46,340 - TeleBot - ERROR - Threaded polling exception: A request to the Telegram API was unsuccessful. Error code: 409. Description: Conflict: terminated by other getUpdates request; make sure that only one bot instance is running
2024-12-05 20:08:46,340 - TeleBot - ERROR - Exception traceback:
Traceback (most recent call last):
  File "C:\Users\User\Desktop\project 33\attendence-and-notification\.venv\lib\site-packages\telebot\__init__.py", line 1234, in __threaded_polling
    polling_thread.raise_exceptions()
  File "C:\Users\User\Desktop\project 33\attendence-and-notification\.venv\lib\site-packages\telebot\util.py", line 111, in raise_exceptions
    raise self.exception_info
  File "C:\Users\User\Desktop\project 33\attendence-and-notification\.venv\lib\site-packages\telebot\util.py", line 93, in run
    task(*args, **kwargs)
  File "C:\Users\User\Desktop\project 33\attendence-and-notification\.venv\lib\site-packages\telebot\__init__.py", line 688, in __retrieve_updates
    updates = self.get_updates(offset=(self.last_update_id + 1),
  File "C:\Users\User\Desktop\project 33\attendence-and-notification\.venv\lib\site-packages\telebot\__init__.py", line 660, in get_updates
    json_updates = apihelper.get_updates(
  File "C:\Users\User\Desktop\project 33\attendence-and-notification\.venv\lib\site-packages\telebot\apihelper.py", line 332, in get_updates
    return _make_request(token, method_url, params=payload)
  File "C:\Users\User\Desktop\project 33\attendence-and-notification\.venv\lib\site-packages\telebot\apihelper.py", line 168, in _make_request
    json_result = _check_result(method_name, result)
  File "C:\Users\User\Desktop\project 33\attendence-and-notification\.venv\lib\site-packages\telebot\apihelper.py", line 195, in _check_result
    raise ApiTelegramException(method_name, result, result_json)
telebot.apihelper.ApiTelegramException: A request to the Telegram API was unsuccessful. Error code: 409. Description: Conflict: terminated by other getUpdates request; make sure that only one bot instance is running

2024-12-05 20:08:49,707 - TeleBot - ERROR - Threaded polling exception: A request to the Telegram API was unsuccessful. Error code: 409. Description: Conflict: terminated by other getUpdates request; make sure that only one bot instance is running
2024-12-05 20:08:49,709 - TeleBot - ERROR - Exception traceback:
Traceback (most recent call last):
  File "C:\Users\User\Desktop\project 33\attendence-and-notification\.venv\lib\site-packages\telebot\__init__.py", line 1234, in __threaded_polling
    polling_thread.raise_exceptions()
  File "C:\Users\User\Desktop\project 33\attendence-and-notification\.venv\lib\site-packages\telebot\util.py", line 111, in raise_exceptions
    raise self.exception_info
  File "C:\Users\User\Desktop\project 33\attendence-and-notification\.venv\lib\site-packages\telebot\util.py", line 93, in run
    task(*args, **kwargs)
  File "C:\Users\User\Desktop\project 33\attendence-and-notification\.venv\lib\site-packages\telebot\__init__.py", line 688, in __retrieve_updates
    updates = self.get_updates(offset=(self.last_update_id + 1),
  File "C:\Users\User\Desktop\project 33\attendence-and-notification\.venv\lib\site-packages\telebot\__init__.py", line 660, in get_updates
    json_updates = apihelper.get_updates(
  File "C:\Users\User\Desktop\project 33\attendence-and-notification\.venv\lib\site-packages\telebot\apihelper.py", line 332, in get_updates
    return _make_request(token, method_url, params=payload)
  File "C:\Users\User\Desktop\project 33\attendence-and-notification\.venv\lib\site-packages\telebot\apihelper.py", line 168, in _make_request
    json_result = _check_result(method_name, result)
  File "C:\Users\User\Desktop\project 33\attendence-and-notification\.venv\lib\site-packages\telebot\apihelper.py", line 195, in _check_result
    raise ApiTelegramException(method_name, result, result_json)
telebot.apihelper.ApiTelegramException: A request to the Telegram API was unsuccessful. Error code: 409. Description: Conflict: terminated by other getUpdates request; make sure that only one bot instance is running

2024-12-05 20:08:50,108 - TeleBot - ERROR - Threaded polling exception: A request to the Telegram API was unsuccessful. Error code: 409. Description: Conflict: terminated by other getUpdates request; make sure that only one bot instance is running
2024-12-05 20:08:50,108 - TeleBot - ERROR - Exception traceback:
Traceback (most recent call last):
  File "C:\Users\User\Desktop\project 33\attendence-and-notification\.venv\lib\site-packages\telebot\__init__.py", line 1234, in __threaded_polling
    polling_thread.raise_exceptions()
  File "C:\Users\User\Desktop\project 33\attendence-and-notification\.venv\lib\site-packages\telebot\util.py", line 111, in raise_exceptions
    raise self.exception_info
  File "C:\Users\User\Desktop\project 33\attendence-and-notification\.venv\lib\site-packages\telebot\util.py", line 93, in run
    task(*args, **kwargs)
  File "C:\Users\User\Desktop\project 33\attendence-and-notification\.venv\lib\site-packages\telebot\__init__.py", line 688, in __retrieve_updates
    updates = self.get_updates(offset=(self.last_update_id + 1),
  File "C:\Users\User\Desktop\project 33\attendence-and-notification\.venv\lib\site-packages\telebot\__init__.py", line 660, in get_updates
    json_updates = apihelper.get_updates(
  File "C:\Users\User\Desktop\project 33\attendence-and-notification\.venv\lib\site-packages\telebot\apihelper.py", line 332, in get_updates
    return _make_request(token, method_url, params=payload)
  File "C:\Users\User\Desktop\project 33\attendence-and-notification\.venv\lib\site-packages\telebot\apihelper.py", line 168, in _make_request
    json_result = _check_result(method_name, result)
  File "C:\Users\User\Desktop\project 33\attendence-and-notification\.venv\lib\site-packages\telebot\apihelper.py", line 195, in _check_result
    raise ApiTelegramException(method_name, result, result_json)
telebot.apihelper.ApiTelegramException: A request to the Telegram API was unsuccessful. Error code: 409. Description: Conflict: terminated by other getUpdates request; make sure that only one bot instance is running

2024-12-05 20:08:53,746 - TeleBot - ERROR - Threaded polling exception: A request to the Telegram API was unsuccessful. Error code: 409. Description: Conflict: terminated by other getUpdates request; make sure that only one bot instance is running
2024-12-05 20:08:53,760 - TeleBot - ERROR - Exception traceback:
Traceback (most recent call last):
  File "C:\Users\User\Desktop\project 33\attendence-and-notification\.venv\lib\site-packages\telebot\__init__.py", line 1234, in __threaded_polling
    polling_thread.raise_exceptions()
  File "C:\Users\User\Desktop\project 33\attendence-and-notification\.venv\lib\site-packages\telebot\util.py", line 111, in raise_exceptions
    raise self.exception_info
  File "C:\Users\User\Desktop\project 33\attendence-and-notification\.venv\lib\site-packages\telebot\util.py", line 93, in run
    task(*args, **kwargs)
  File "C:\Users\User\Desktop\project 33\attendence-and-notification\.venv\lib\site-packages\telebot\__init__.py", line 688, in __retrieve_updates
    updates = self.get_updates(offset=(self.last_update_id + 1),
  File "C:\Users\User\Desktop\project 33\attendence-and-notification\.venv\lib\site-packages\telebot\__init__.py", line 660, in get_updates
    json_updates = apihelper.get_updates(
  File "C:\Users\User\Desktop\project 33\attendence-and-notification\.venv\lib\site-packages\telebot\apihelper.py", line 332, in get_updates
    return _make_request(token, method_url, params=payload)
  File "C:\Users\User\Desktop\project 33\attendence-and-notification\.venv\lib\site-packages\telebot\apihelper.py", line 168, in _make_request
    json_result = _check_result(method_name, result)
  File "C:\Users\User\Desktop\project 33\attendence-and-notification\.venv\lib\site-packages\telebot\apihelper.py", line 195, in _check_result
    raise ApiTelegramException(method_name, result, result_json)
telebot.apihelper.ApiTelegramException: A request to the Telegram API was unsuccessful. Error code: 409. Description: Conflict: terminated by other getUpdates request; make sure that only one bot instance is running

2024-12-05 20:08:54,391 - TeleBot - ERROR - Threaded polling exception: A request to the Telegram API was unsuccessful. Error code: 409. Description: Conflict: terminated by other getUpdates request; make sure that only one bot instance is running
2024-12-05 20:08:54,400 - TeleBot - ERROR - Exception traceback:
Traceback (most recent call last):
  File "C:\Users\User\Desktop\project 33\attendence-and-notification\.venv\lib\site-packages\telebot\__init__.py", line 1234, in __threaded_polling
    polling_thread.raise_exceptions()
  File "C:\Users\User\Desktop\project 33\attendence-and-notification\.venv\lib\site-packages\telebot\util.py", line 111, in raise_exceptions
    raise self.exception_info
  File "C:\Users\User\Desktop\project 33\attendence-and-notification\.venv\lib\site-packages\telebot\util.py", line 93, in run
    task(*args, **kwargs)
  File "C:\Users\User\Desktop\project 33\attendence-and-notification\.venv\lib\site-packages\telebot\__init__.py", line 688, in __retrieve_updates
    updates = self.get_updates(offset=(self.last_update_id + 1),
  File "C:\Users\User\Desktop\project 33\attendence-and-notification\.venv\lib\site-packages\telebot\__init__.py", line 660, in get_updates
    json_updates = apihelper.get_updates(
  File "C:\Users\User\Desktop\project 33\attendence-and-notification\.venv\lib\site-packages\telebot\apihelper.py", line 332, in get_updates
    return _make_request(token, method_url, params=payload)
  File "C:\Users\User\Desktop\project 33\attendence-and-notification\.venv\lib\site-packages\telebot\apihelper.py", line 168, in _make_request
    json_result = _check_result(method_name, result)
  File "C:\Users\User\Desktop\project 33\attendence-and-notification\.venv\lib\site-packages\telebot\apihelper.py", line 195, in _check_result
    raise ApiTelegramException(method_name, result, result_json)
telebot.apihelper.ApiTelegramException: A request to the Telegram API was unsuccessful. Error code: 409. Description: Conflict: terminated by other getUpdates request; make sure that only one bot instance is running

2024-12-05 20:08:55,058 - attendence.telegram_bot_updated - INFO - Bot initialized successfully with token
2024-12-05 20:08:55,401 - attendence.telegram_bot_updated - INFO - Bot status check: {'bot_connected': True, 'bot_username': '@notification_softclub_bot', 'bot_name': 'Notification Softclub', 'active_groups_count': 2, 'active_groups': ['Test Bots (ID: -4664539814)', 'BOT TEST (ID: -4539632586)'], 'last_check': '2024-12-05 20:08:55'}
2024-12-05 20:08:55,401 - attendence.telegram_bot_updated - INFO - Bot is ready. Connected as @notification_softclub_bot
2024-12-05 20:08:55,401 - attendence.telegram_bot_updated - INFO - Active groups: 2
2024-12-05 20:08:55,558 - attendence.telegram_bot_updated - INFO - Bot connection test successful! Bot info: Notification Softclub (@notification_softclub_bot)
2024-12-05 20:08:55,558 - attendence.telegram_bot_updated - INFO - Bot is ready to send messages
2024-12-05 20:08:55,558 - attendence.telegram_bot_updated - INFO - Telegram bot started successfully!
2024-12-05 20:08:57,508 - TeleBot - ERROR - Threaded polling exception: A request to the Telegram API was unsuccessful. Error code: 409. Description: Conflict: terminated by other getUpdates request; make sure that only one bot instance is running
2024-12-05 20:08:57,508 - TeleBot - ERROR - Exception traceback:
Traceback (most recent call last):
  File "C:\Users\User\Desktop\project 33\attendence-and-notification\.venv\lib\site-packages\telebot\__init__.py", line 1234, in __threaded_polling
    polling_thread.raise_exceptions()
  File "C:\Users\User\Desktop\project 33\attendence-and-notification\.venv\lib\site-packages\telebot\util.py", line 111, in raise_exceptions
    raise self.exception_info
  File "C:\Users\User\Desktop\project 33\attendence-and-notification\.venv\lib\site-packages\telebot\util.py", line 93, in run
    task(*args, **kwargs)
  File "C:\Users\User\Desktop\project 33\attendence-and-notification\.venv\lib\site-packages\telebot\__init__.py", line 688, in __retrieve_updates
    updates = self.get_updates(offset=(self.last_update_id + 1),
  File "C:\Users\User\Desktop\project 33\attendence-and-notification\.venv\lib\site-packages\telebot\__init__.py", line 660, in get_updates
    json_updates = apihelper.get_updates(
  File "C:\Users\User\Desktop\project 33\attendence-and-notification\.venv\lib\site-packages\telebot\apihelper.py", line 332, in get_updates
    return _make_request(token, method_url, params=payload)
  File "C:\Users\User\Desktop\project 33\attendence-and-notification\.venv\lib\site-packages\telebot\apihelper.py", line 168, in _make_request
    json_result = _check_result(method_name, result)
  File "C:\Users\User\Desktop\project 33\attendence-and-notification\.venv\lib\site-packages\telebot\apihelper.py", line 195, in _check_result
    raise ApiTelegramException(method_name, result, result_json)
telebot.apihelper.ApiTelegramException: A request to the Telegram API was unsuccessful. Error code: 409. Description: Conflict: terminated by other getUpdates request; make sure that only one bot instance is running

2024-12-05 20:08:58,525 - TeleBot - ERROR - Threaded polling exception: A request to the Telegram API was unsuccessful. Error code: 409. Description: Conflict: terminated by other getUpdates request; make sure that only one bot instance is running
2024-12-05 20:08:58,525 - TeleBot - ERROR - Exception traceback:
Traceback (most recent call last):
  File "C:\Users\User\Desktop\project 33\attendence-and-notification\.venv\lib\site-packages\telebot\__init__.py", line 1234, in __threaded_polling
    polling_thread.raise_exceptions()
  File "C:\Users\User\Desktop\project 33\attendence-and-notification\.venv\lib\site-packages\telebot\util.py", line 111, in raise_exceptions
    raise self.exception_info
  File "C:\Users\User\Desktop\project 33\attendence-and-notification\.venv\lib\site-packages\telebot\util.py", line 93, in run
    task(*args, **kwargs)
  File "C:\Users\User\Desktop\project 33\attendence-and-notification\.venv\lib\site-packages\telebot\__init__.py", line 688, in __retrieve_updates
    updates = self.get_updates(offset=(self.last_update_id + 1),
  File "C:\Users\User\Desktop\project 33\attendence-and-notification\.venv\lib\site-packages\telebot\__init__.py", line 660, in get_updates
    json_updates = apihelper.get_updates(
  File "C:\Users\User\Desktop\project 33\attendence-and-notification\.venv\lib\site-packages\telebot\apihelper.py", line 332, in get_updates
    return _make_request(token, method_url, params=payload)
  File "C:\Users\User\Desktop\project 33\attendence-and-notification\.venv\lib\site-packages\telebot\apihelper.py", line 168, in _make_request
    json_result = _check_result(method_name, result)
  File "C:\Users\User\Desktop\project 33\attendence-and-notification\.venv\lib\site-packages\telebot\apihelper.py", line 195, in _check_result
    raise ApiTelegramException(method_name, result, result_json)
telebot.apihelper.ApiTelegramException: A request to the Telegram API was unsuccessful. Error code: 409. Description: Conflict: terminated by other getUpdates request; make sure that only one bot instance is running

2024-12-05 20:09:02,642 - TeleBot - ERROR - Threaded polling exception: A request to the Telegram API was unsuccessful. Error code: 409. Description: Conflict: terminated by other getUpdates request; make sure that only one bot instance is running
2024-12-05 20:09:02,642 - TeleBot - ERROR - Exception traceback:
Traceback (most recent call last):
  File "C:\Users\User\Desktop\project 33\attendence-and-notification\.venv\lib\site-packages\telebot\__init__.py", line 1234, in __threaded_polling
    polling_thread.raise_exceptions()
  File "C:\Users\User\Desktop\project 33\attendence-and-notification\.venv\lib\site-packages\telebot\util.py", line 111, in raise_exceptions
    raise self.exception_info
  File "C:\Users\User\Desktop\project 33\attendence-and-notification\.venv\lib\site-packages\telebot\util.py", line 93, in run
    task(*args, **kwargs)
  File "C:\Users\User\Desktop\project 33\attendence-and-notification\.venv\lib\site-packages\telebot\__init__.py", line 688, in __retrieve_updates
    updates = self.get_updates(offset=(self.last_update_id + 1),
  File "C:\Users\User\Desktop\project 33\attendence-and-notification\.venv\lib\site-packages\telebot\__init__.py", line 660, in get_updates
    json_updates = apihelper.get_updates(
  File "C:\Users\User\Desktop\project 33\attendence-and-notification\.venv\lib\site-packages\telebot\apihelper.py", line 332, in get_updates
    return _make_request(token, method_url, params=payload)
  File "C:\Users\User\Desktop\project 33\attendence-and-notification\.venv\lib\site-packages\telebot\apihelper.py", line 168, in _make_request
    json_result = _check_result(method_name, result)
  File "C:\Users\User\Desktop\project 33\attendence-and-notification\.venv\lib\site-packages\telebot\apihelper.py", line 195, in _check_result
    raise ApiTelegramException(method_name, result, result_json)
telebot.apihelper.ApiTelegramException: A request to the Telegram API was unsuccessful. Error code: 409. Description: Conflict: terminated by other getUpdates request; make sure that only one bot instance is running

2024-12-05 20:09:02,690 - TeleBot - ERROR - Threaded polling exception: A request to the Telegram API was unsuccessful. Error code: 409. Description: Conflict: terminated by other getUpdates request; make sure that only one bot instance is running
2024-12-05 20:09:02,697 - TeleBot - ERROR - Exception traceback:
Traceback (most recent call last):
  File "C:\Users\User\Desktop\project 33\attendence-and-notification\.venv\lib\site-packages\telebot\__init__.py", line 1234, in __threaded_polling
    polling_thread.raise_exceptions()
  File "C:\Users\User\Desktop\project 33\attendence-and-notification\.venv\lib\site-packages\telebot\util.py", line 111, in raise_exceptions
    raise self.exception_info
  File "C:\Users\User\Desktop\project 33\attendence-and-notification\.venv\lib\site-packages\telebot\util.py", line 93, in run
    task(*args, **kwargs)
  File "C:\Users\User\Desktop\project 33\attendence-and-notification\.venv\lib\site-packages\telebot\__init__.py", line 688, in __retrieve_updates
    updates = self.get_updates(offset=(self.last_update_id + 1),
  File "C:\Users\User\Desktop\project 33\attendence-and-notification\.venv\lib\site-packages\telebot\__init__.py", line 660, in get_updates
    json_updates = apihelper.get_updates(
  File "C:\Users\User\Desktop\project 33\attendence-and-notification\.venv\lib\site-packages\telebot\apihelper.py", line 332, in get_updates
    return _make_request(token, method_url, params=payload)
  File "C:\Users\User\Desktop\project 33\attendence-and-notification\.venv\lib\site-packages\telebot\apihelper.py", line 168, in _make_request
    json_result = _check_result(method_name, result)
  File "C:\Users\User\Desktop\project 33\attendence-and-notification\.venv\lib\site-packages\telebot\apihelper.py", line 195, in _check_result
    raise ApiTelegramException(method_name, result, result_json)
telebot.apihelper.ApiTelegramException: A request to the Telegram API was unsuccessful. Error code: 409. Description: Conflict: terminated by other getUpdates request; make sure that only one bot instance is running

2024-12-05 20:09:03,058 - TeleBot - ERROR - Threaded polling exception: A request to the Telegram API was unsuccessful. Error code: 409. Description: Conflict: terminated by other getUpdates request; make sure that only one bot instance is running
2024-12-05 20:09:03,073 - TeleBot - ERROR - Exception traceback:
Traceback (most recent call last):
  File "C:\Users\User\Desktop\project 33\attendence-and-notification\.venv\lib\site-packages\telebot\__init__.py", line 1234, in __threaded_polling
    polling_thread.raise_exceptions()
  File "C:\Users\User\Desktop\project 33\attendence-and-notification\.venv\lib\site-packages\telebot\util.py", line 111, in raise_exceptions
    raise self.exception_info
  File "C:\Users\User\Desktop\project 33\attendence-and-notification\.venv\lib\site-packages\telebot\util.py", line 93, in run
    task(*args, **kwargs)
  File "C:\Users\User\Desktop\project 33\attendence-and-notification\.venv\lib\site-packages\telebot\__init__.py", line 688, in __retrieve_updates
    updates = self.get_updates(offset=(self.last_update_id + 1),
  File "C:\Users\User\Desktop\project 33\attendence-and-notification\.venv\lib\site-packages\telebot\__init__.py", line 660, in get_updates
    json_updates = apihelper.get_updates(
  File "C:\Users\User\Desktop\project 33\attendence-and-notification\.venv\lib\site-packages\telebot\apihelper.py", line 332, in get_updates
    return _make_request(token, method_url, params=payload)
  File "C:\Users\User\Desktop\project 33\attendence-and-notification\.venv\lib\site-packages\telebot\apihelper.py", line 168, in _make_request
    json_result = _check_result(method_name, result)
  File "C:\Users\User\Desktop\project 33\attendence-and-notification\.venv\lib\site-packages\telebot\apihelper.py", line 195, in _check_result
    raise ApiTelegramException(method_name, result, result_json)
telebot.apihelper.ApiTelegramException: A request to the Telegram API was unsuccessful. Error code: 409. Description: Conflict: terminated by other getUpdates request; make sure that only one bot instance is running

2024-12-05 20:09:06,855 - TeleBot - ERROR - Threaded polling exception: A request to the Telegram API was unsuccessful. Error code: 409. Description: Conflict: terminated by other getUpdates request; make sure that only one bot instance is running
2024-12-05 20:09:06,857 - TeleBot - ERROR - Exception traceback:
Traceback (most recent call last):
  File "C:\Users\User\Desktop\project 33\attendence-and-notification\.venv\lib\site-packages\telebot\__init__.py", line 1234, in __threaded_polling
    polling_thread.raise_exceptions()
  File "C:\Users\User\Desktop\project 33\attendence-and-notification\.venv\lib\site-packages\telebot\util.py", line 111, in raise_exceptions
    raise self.exception_info
  File "C:\Users\User\Desktop\project 33\attendence-and-notification\.venv\lib\site-packages\telebot\util.py", line 93, in run
    task(*args, **kwargs)
  File "C:\Users\User\Desktop\project 33\attendence-and-notification\.venv\lib\site-packages\telebot\__init__.py", line 688, in __retrieve_updates
    updates = self.get_updates(offset=(self.last_update_id + 1),
  File "C:\Users\User\Desktop\project 33\attendence-and-notification\.venv\lib\site-packages\telebot\__init__.py", line 660, in get_updates
    json_updates = apihelper.get_updates(
  File "C:\Users\User\Desktop\project 33\attendence-and-notification\.venv\lib\site-packages\telebot\apihelper.py", line 332, in get_updates
    return _make_request(token, method_url, params=payload)
  File "C:\Users\User\Desktop\project 33\attendence-and-notification\.venv\lib\site-packages\telebot\apihelper.py", line 168, in _make_request
    json_result = _check_result(method_name, result)
  File "C:\Users\User\Desktop\project 33\attendence-and-notification\.venv\lib\site-packages\telebot\apihelper.py", line 195, in _check_result
    raise ApiTelegramException(method_name, result, result_json)
telebot.apihelper.ApiTelegramException: A request to the Telegram API was unsuccessful. Error code: 409. Description: Conflict: terminated by other getUpdates request; make sure that only one bot instance is running

2024-12-05 20:09:08,208 - TeleBot - ERROR - Threaded polling exception: A request to the Telegram API was unsuccessful. Error code: 409. Description: Conflict: terminated by other getUpdates request; make sure that only one bot instance is running
2024-12-05 20:09:08,211 - TeleBot - ERROR - Exception traceback:
Traceback (most recent call last):
  File "C:\Users\User\Desktop\project 33\attendence-and-notification\.venv\lib\site-packages\telebot\__init__.py", line 1234, in __threaded_polling
    polling_thread.raise_exceptions()
  File "C:\Users\User\Desktop\project 33\attendence-and-notification\.venv\lib\site-packages\telebot\util.py", line 111, in raise_exceptions
    raise self.exception_info
  File "C:\Users\User\Desktop\project 33\attendence-and-notification\.venv\lib\site-packages\telebot\util.py", line 93, in run
    task(*args, **kwargs)
  File "C:\Users\User\Desktop\project 33\attendence-and-notification\.venv\lib\site-packages\telebot\__init__.py", line 688, in __retrieve_updates
    updates = self.get_updates(offset=(self.last_update_id + 1),
  File "C:\Users\User\Desktop\project 33\attendence-and-notification\.venv\lib\site-packages\telebot\__init__.py", line 660, in get_updates
    json_updates = apihelper.get_updates(
  File "C:\Users\User\Desktop\project 33\attendence-and-notification\.venv\lib\site-packages\telebot\apihelper.py", line 332, in get_updates
    return _make_request(token, method_url, params=payload)
  File "C:\Users\User\Desktop\project 33\attendence-and-notification\.venv\lib\site-packages\telebot\apihelper.py", line 168, in _make_request
    json_result = _check_result(method_name, result)
  File "C:\Users\User\Desktop\project 33\attendence-and-notification\.venv\lib\site-packages\telebot\apihelper.py", line 195, in _check_result
    raise ApiTelegramException(method_name, result, result_json)
telebot.apihelper.ApiTelegramException: A request to the Telegram API was unsuccessful. Error code: 409. Description: Conflict: terminated by other getUpdates request; make sure that only one bot instance is running

2024-12-05 20:09:11,005 - TeleBot - ERROR - Threaded polling exception: A request to the Telegram API was unsuccessful. Error code: 409. Description: Conflict: terminated by other getUpdates request; make sure that only one bot instance is running
2024-12-05 20:09:11,006 - TeleBot - ERROR - Exception traceback:
Traceback (most recent call last):
  File "C:\Users\User\Desktop\project 33\attendence-and-notification\.venv\lib\site-packages\telebot\__init__.py", line 1234, in __threaded_polling
    polling_thread.raise_exceptions()
  File "C:\Users\User\Desktop\project 33\attendence-and-notification\.venv\lib\site-packages\telebot\util.py", line 111, in raise_exceptions
    raise self.exception_info
  File "C:\Users\User\Desktop\project 33\attendence-and-notification\.venv\lib\site-packages\telebot\util.py", line 93, in run
    task(*args, **kwargs)
  File "C:\Users\User\Desktop\project 33\attendence-and-notification\.venv\lib\site-packages\telebot\__init__.py", line 688, in __retrieve_updates
    updates = self.get_updates(offset=(self.last_update_id + 1),
  File "C:\Users\User\Desktop\project 33\attendence-and-notification\.venv\lib\site-packages\telebot\__init__.py", line 660, in get_updates
    json_updates = apihelper.get_updates(
  File "C:\Users\User\Desktop\project 33\attendence-and-notification\.venv\lib\site-packages\telebot\apihelper.py", line 332, in get_updates
    return _make_request(token, method_url, params=payload)
  File "C:\Users\User\Desktop\project 33\attendence-and-notification\.venv\lib\site-packages\telebot\apihelper.py", line 168, in _make_request
    json_result = _check_result(method_name, result)
  File "C:\Users\User\Desktop\project 33\attendence-and-notification\.venv\lib\site-packages\telebot\apihelper.py", line 195, in _check_result
    raise ApiTelegramException(method_name, result, result_json)
telebot.apihelper.ApiTelegramException: A request to the Telegram API was unsuccessful. Error code: 409. Description: Conflict: terminated by other getUpdates request; make sure that only one bot instance is running

2024-12-05 20:09:11,841 - TeleBot - ERROR - Threaded polling exception: A request to the Telegram API was unsuccessful. Error code: 409. Description: Conflict: terminated by other getUpdates request; make sure that only one bot instance is running
2024-12-05 20:09:11,841 - TeleBot - ERROR - Exception traceback:
Traceback (most recent call last):
  File "C:\Users\User\Desktop\project 33\attendence-and-notification\.venv\lib\site-packages\telebot\__init__.py", line 1234, in __threaded_polling
    polling_thread.raise_exceptions()
  File "C:\Users\User\Desktop\project 33\attendence-and-notification\.venv\lib\site-packages\telebot\util.py", line 111, in raise_exceptions
    raise self.exception_info
  File "C:\Users\User\Desktop\project 33\attendence-and-notification\.venv\lib\site-packages\telebot\util.py", line 93, in run
    task(*args, **kwargs)
  File "C:\Users\User\Desktop\project 33\attendence-and-notification\.venv\lib\site-packages\telebot\__init__.py", line 688, in __retrieve_updates
    updates = self.get_updates(offset=(self.last_update_id + 1),
  File "C:\Users\User\Desktop\project 33\attendence-and-notification\.venv\lib\site-packages\telebot\__init__.py", line 660, in get_updates
    json_updates = apihelper.get_updates(
  File "C:\Users\User\Desktop\project 33\attendence-and-notification\.venv\lib\site-packages\telebot\apihelper.py", line 332, in get_updates
    return _make_request(token, method_url, params=payload)
  File "C:\Users\User\Desktop\project 33\attendence-and-notification\.venv\lib\site-packages\telebot\apihelper.py", line 168, in _make_request
    json_result = _check_result(method_name, result)
  File "C:\Users\User\Desktop\project 33\attendence-and-notification\.venv\lib\site-packages\telebot\apihelper.py", line 195, in _check_result
    raise ApiTelegramException(method_name, result, result_json)
telebot.apihelper.ApiTelegramException: A request to the Telegram API was unsuccessful. Error code: 409. Description: Conflict: terminated by other getUpdates request; make sure that only one bot instance is running

2024-12-05 20:09:15,147 - TeleBot - ERROR - Threaded polling exception: A request to the Telegram API was unsuccessful. Error code: 409. Description: Conflict: terminated by other getUpdates request; make sure that only one bot instance is running
2024-12-05 20:09:15,153 - TeleBot - ERROR - Exception traceback:
Traceback (most recent call last):
  File "C:\Users\User\Desktop\project 33\attendence-and-notification\.venv\lib\site-packages\telebot\__init__.py", line 1234, in __threaded_polling
    polling_thread.raise_exceptions()
  File "C:\Users\User\Desktop\project 33\attendence-and-notification\.venv\lib\site-packages\telebot\util.py", line 111, in raise_exceptions
    raise self.exception_info
  File "C:\Users\User\Desktop\project 33\attendence-and-notification\.venv\lib\site-packages\telebot\util.py", line 93, in run
    task(*args, **kwargs)
  File "C:\Users\User\Desktop\project 33\attendence-and-notification\.venv\lib\site-packages\telebot\__init__.py", line 688, in __retrieve_updates
    updates = self.get_updates(offset=(self.last_update_id + 1),
  File "C:\Users\User\Desktop\project 33\attendence-and-notification\.venv\lib\site-packages\telebot\__init__.py", line 660, in get_updates
    json_updates = apihelper.get_updates(
  File "C:\Users\User\Desktop\project 33\attendence-and-notification\.venv\lib\site-packages\telebot\apihelper.py", line 332, in get_updates
    return _make_request(token, method_url, params=payload)
  File "C:\Users\User\Desktop\project 33\attendence-and-notification\.venv\lib\site-packages\telebot\apihelper.py", line 168, in _make_request
    json_result = _check_result(method_name, result)
  File "C:\Users\User\Desktop\project 33\attendence-and-notification\.venv\lib\site-packages\telebot\apihelper.py", line 195, in _check_result
    raise ApiTelegramException(method_name, result, result_json)
telebot.apihelper.ApiTelegramException: A request to the Telegram API was unsuccessful. Error code: 409. Description: Conflict: terminated by other getUpdates request; make sure that only one bot instance is running

2024-12-05 20:09:19,992 - TeleBot - ERROR - Threaded polling exception: A request to the Telegram API was unsuccessful. Error code: 409. Description: Conflict: terminated by other getUpdates request; make sure that only one bot instance is running
2024-12-05 20:09:19,995 - TeleBot - ERROR - Exception traceback:
Traceback (most recent call last):
  File "C:\Users\User\Desktop\project 33\attendence-and-notification\.venv\lib\site-packages\telebot\__init__.py", line 1234, in __threaded_polling
    polling_thread.raise_exceptions()
  File "C:\Users\User\Desktop\project 33\attendence-and-notification\.venv\lib\site-packages\telebot\util.py", line 111, in raise_exceptions
    raise self.exception_info
  File "C:\Users\User\Desktop\project 33\attendence-and-notification\.venv\lib\site-packages\telebot\util.py", line 93, in run
    task(*args, **kwargs)
  File "C:\Users\User\Desktop\project 33\attendence-and-notification\.venv\lib\site-packages\telebot\__init__.py", line 688, in __retrieve_updates
    updates = self.get_updates(offset=(self.last_update_id + 1),
  File "C:\Users\User\Desktop\project 33\attendence-and-notification\.venv\lib\site-packages\telebot\__init__.py", line 660, in get_updates
    json_updates = apihelper.get_updates(
  File "C:\Users\User\Desktop\project 33\attendence-and-notification\.venv\lib\site-packages\telebot\apihelper.py", line 332, in get_updates
    return _make_request(token, method_url, params=payload)
  File "C:\Users\User\Desktop\project 33\attendence-and-notification\.venv\lib\site-packages\telebot\apihelper.py", line 168, in _make_request
    json_result = _check_result(method_name, result)
  File "C:\Users\User\Desktop\project 33\attendence-and-notification\.venv\lib\site-packages\telebot\apihelper.py", line 195, in _check_result
    raise ApiTelegramException(method_name, result, result_json)
telebot.apihelper.ApiTelegramException: A request to the Telegram API was unsuccessful. Error code: 409. Description: Conflict: terminated by other getUpdates request; make sure that only one bot instance is running

2024-12-05 20:09:23,674 - TeleBot - ERROR - Threaded polling exception: A request to the Telegram API was unsuccessful. Error code: 409. Description: Conflict: terminated by other getUpdates request; make sure that only one bot instance is running
2024-12-05 20:09:23,677 - TeleBot - ERROR - Exception traceback:
Traceback (most recent call last):
  File "C:\Users\User\Desktop\project 33\attendence-and-notification\.venv\lib\site-packages\telebot\__init__.py", line 1234, in __threaded_polling
    polling_thread.raise_exceptions()
  File "C:\Users\User\Desktop\project 33\attendence-and-notification\.venv\lib\site-packages\telebot\util.py", line 111, in raise_exceptions
    raise self.exception_info
  File "C:\Users\User\Desktop\project 33\attendence-and-notification\.venv\lib\site-packages\telebot\util.py", line 93, in run
    task(*args, **kwargs)
  File "C:\Users\User\Desktop\project 33\attendence-and-notification\.venv\lib\site-packages\telebot\__init__.py", line 688, in __retrieve_updates
    updates = self.get_updates(offset=(self.last_update_id + 1),
  File "C:\Users\User\Desktop\project 33\attendence-and-notification\.venv\lib\site-packages\telebot\__init__.py", line 660, in get_updates
    json_updates = apihelper.get_updates(
  File "C:\Users\User\Desktop\project 33\attendence-and-notification\.venv\lib\site-packages\telebot\apihelper.py", line 332, in get_updates
    return _make_request(token, method_url, params=payload)
  File "C:\Users\User\Desktop\project 33\attendence-and-notification\.venv\lib\site-packages\telebot\apihelper.py", line 168, in _make_request
    json_result = _check_result(method_name, result)
  File "C:\Users\User\Desktop\project 33\attendence-and-notification\.venv\lib\site-packages\telebot\apihelper.py", line 195, in _check_result
    raise ApiTelegramException(method_name, result, result_json)
telebot.apihelper.ApiTelegramException: A request to the Telegram API was unsuccessful. Error code: 409. Description: Conflict: terminated by other getUpdates request; make sure that only one bot instance is running

2024-12-05 20:09:25,228 - TeleBot - ERROR - Threaded polling exception: A request to the Telegram API was unsuccessful. Error code: 409. Description: Conflict: terminated by other getUpdates request; make sure that only one bot instance is running
2024-12-05 20:09:25,230 - TeleBot - ERROR - Exception traceback:
Traceback (most recent call last):
  File "C:\Users\User\Desktop\project 33\attendence-and-notification\.venv\lib\site-packages\telebot\__init__.py", line 1234, in __threaded_polling
    polling_thread.raise_exceptions()
  File "C:\Users\User\Desktop\project 33\attendence-and-notification\.venv\lib\site-packages\telebot\util.py", line 111, in raise_exceptions
    raise self.exception_info
  File "C:\Users\User\Desktop\project 33\attendence-and-notification\.venv\lib\site-packages\telebot\util.py", line 93, in run
    task(*args, **kwargs)
  File "C:\Users\User\Desktop\project 33\attendence-and-notification\.venv\lib\site-packages\telebot\__init__.py", line 688, in __retrieve_updates
    updates = self.get_updates(offset=(self.last_update_id + 1),
  File "C:\Users\User\Desktop\project 33\attendence-and-notification\.venv\lib\site-packages\telebot\__init__.py", line 660, in get_updates
    json_updates = apihelper.get_updates(
  File "C:\Users\User\Desktop\project 33\attendence-and-notification\.venv\lib\site-packages\telebot\apihelper.py", line 332, in get_updates
    return _make_request(token, method_url, params=payload)
  File "C:\Users\User\Desktop\project 33\attendence-and-notification\.venv\lib\site-packages\telebot\apihelper.py", line 168, in _make_request
    json_result = _check_result(method_name, result)
  File "C:\Users\User\Desktop\project 33\attendence-and-notification\.venv\lib\site-packages\telebot\apihelper.py", line 195, in _check_result
    raise ApiTelegramException(method_name, result, result_json)
telebot.apihelper.ApiTelegramException: A request to the Telegram API was unsuccessful. Error code: 409. Description: Conflict: terminated by other getUpdates request; make sure that only one bot instance is running

2024-12-05 20:09:27,822 - TeleBot - ERROR - Threaded polling exception: A request to the Telegram API was unsuccessful. Error code: 409. Description: Conflict: terminated by other getUpdates request; make sure that only one bot instance is running
2024-12-05 20:09:27,825 - TeleBot - ERROR - Exception traceback:
Traceback (most recent call last):
  File "C:\Users\User\Desktop\project 33\attendence-and-notification\.venv\lib\site-packages\telebot\__init__.py", line 1234, in __threaded_polling
    polling_thread.raise_exceptions()
  File "C:\Users\User\Desktop\project 33\attendence-and-notification\.venv\lib\site-packages\telebot\util.py", line 111, in raise_exceptions
    raise self.exception_info
  File "C:\Users\User\Desktop\project 33\attendence-and-notification\.venv\lib\site-packages\telebot\util.py", line 93, in run
    task(*args, **kwargs)
  File "C:\Users\User\Desktop\project 33\attendence-and-notification\.venv\lib\site-packages\telebot\__init__.py", line 688, in __retrieve_updates
    updates = self.get_updates(offset=(self.last_update_id + 1),
  File "C:\Users\User\Desktop\project 33\attendence-and-notification\.venv\lib\site-packages\telebot\__init__.py", line 660, in get_updates
    json_updates = apihelper.get_updates(
  File "C:\Users\User\Desktop\project 33\attendence-and-notification\.venv\lib\site-packages\telebot\apihelper.py", line 332, in get_updates
    return _make_request(token, method_url, params=payload)
  File "C:\Users\User\Desktop\project 33\attendence-and-notification\.venv\lib\site-packages\telebot\apihelper.py", line 168, in _make_request
    json_result = _check_result(method_name, result)
  File "C:\Users\User\Desktop\project 33\attendence-and-notification\.venv\lib\site-packages\telebot\apihelper.py", line 195, in _check_result
    raise ApiTelegramException(method_name, result, result_json)
telebot.apihelper.ApiTelegramException: A request to the Telegram API was unsuccessful. Error code: 409. Description: Conflict: terminated by other getUpdates request; make sure that only one bot instance is running

2024-12-05 20:09:41,350 - TeleBot - ERROR - Threaded polling exception: A request to the Telegram API was unsuccessful. Error code: 409. Description: Conflict: terminated by other getUpdates request; make sure that only one bot instance is running
2024-12-05 20:09:41,353 - TeleBot - ERROR - Exception traceback:
Traceback (most recent call last):
  File "C:\Users\User\Desktop\project 33\attendence-and-notification\.venv\lib\site-packages\telebot\__init__.py", line 1234, in __threaded_polling
    polling_thread.raise_exceptions()
  File "C:\Users\User\Desktop\project 33\attendence-and-notification\.venv\lib\site-packages\telebot\util.py", line 111, in raise_exceptions
    raise self.exception_info
  File "C:\Users\User\Desktop\project 33\attendence-and-notification\.venv\lib\site-packages\telebot\util.py", line 93, in run
    task(*args, **kwargs)
  File "C:\Users\User\Desktop\project 33\attendence-and-notification\.venv\lib\site-packages\telebot\__init__.py", line 688, in __retrieve_updates
    updates = self.get_updates(offset=(self.last_update_id + 1),
  File "C:\Users\User\Desktop\project 33\attendence-and-notification\.venv\lib\site-packages\telebot\__init__.py", line 660, in get_updates
    json_updates = apihelper.get_updates(
  File "C:\Users\User\Desktop\project 33\attendence-and-notification\.venv\lib\site-packages\telebot\apihelper.py", line 332, in get_updates
    return _make_request(token, method_url, params=payload)
  File "C:\Users\User\Desktop\project 33\attendence-and-notification\.venv\lib\site-packages\telebot\apihelper.py", line 168, in _make_request
    json_result = _check_result(method_name, result)
  File "C:\Users\User\Desktop\project 33\attendence-and-notification\.venv\lib\site-packages\telebot\apihelper.py", line 195, in _check_result
    raise ApiTelegramException(method_name, result, result_json)
telebot.apihelper.ApiTelegramException: A request to the Telegram API was unsuccessful. Error code: 409. Description: Conflict: terminated by other getUpdates request; make sure that only one bot instance is running

2024-12-05 20:09:46,970 - TeleBot - ERROR - Threaded polling exception: A request to the Telegram API was unsuccessful. Error code: 409. Description: Conflict: terminated by other getUpdates request; make sure that only one bot instance is running
2024-12-05 20:09:46,970 - TeleBot - ERROR - Exception traceback:
Traceback (most recent call last):
  File "C:\Users\User\Desktop\project 33\attendence-and-notification\.venv\lib\site-packages\telebot\__init__.py", line 1234, in __threaded_polling
    polling_thread.raise_exceptions()
  File "C:\Users\User\Desktop\project 33\attendence-and-notification\.venv\lib\site-packages\telebot\util.py", line 111, in raise_exceptions
    raise self.exception_info
  File "C:\Users\User\Desktop\project 33\attendence-and-notification\.venv\lib\site-packages\telebot\util.py", line 93, in run
    task(*args, **kwargs)
  File "C:\Users\User\Desktop\project 33\attendence-and-notification\.venv\lib\site-packages\telebot\__init__.py", line 688, in __retrieve_updates
    updates = self.get_updates(offset=(self.last_update_id + 1),
  File "C:\Users\User\Desktop\project 33\attendence-and-notification\.venv\lib\site-packages\telebot\__init__.py", line 660, in get_updates
    json_updates = apihelper.get_updates(
  File "C:\Users\User\Desktop\project 33\attendence-and-notification\.venv\lib\site-packages\telebot\apihelper.py", line 332, in get_updates
    return _make_request(token, method_url, params=payload)
  File "C:\Users\User\Desktop\project 33\attendence-and-notification\.venv\lib\site-packages\telebot\apihelper.py", line 168, in _make_request
    json_result = _check_result(method_name, result)
  File "C:\Users\User\Desktop\project 33\attendence-and-notification\.venv\lib\site-packages\telebot\apihelper.py", line 195, in _check_result
    raise ApiTelegramException(method_name, result, result_json)
telebot.apihelper.ApiTelegramException: A request to the Telegram API was unsuccessful. Error code: 409. Description: Conflict: terminated by other getUpdates request; make sure that only one bot instance is running

2024-12-05 20:09:49,483 - TeleBot - ERROR - Threaded polling exception: A request to the Telegram API was unsuccessful. Error code: 409. Description: Conflict: terminated by other getUpdates request; make sure that only one bot instance is running
2024-12-05 20:09:49,483 - TeleBot - ERROR - Exception traceback:
Traceback (most recent call last):
  File "C:\Users\User\Desktop\project 33\attendence-and-notification\.venv\lib\site-packages\telebot\__init__.py", line 1234, in __threaded_polling
    polling_thread.raise_exceptions()
  File "C:\Users\User\Desktop\project 33\attendence-and-notification\.venv\lib\site-packages\telebot\util.py", line 111, in raise_exceptions
    raise self.exception_info
  File "C:\Users\User\Desktop\project 33\attendence-and-notification\.venv\lib\site-packages\telebot\util.py", line 93, in run
    task(*args, **kwargs)
  File "C:\Users\User\Desktop\project 33\attendence-and-notification\.venv\lib\site-packages\telebot\__init__.py", line 688, in __retrieve_updates
    updates = self.get_updates(offset=(self.last_update_id + 1),
  File "C:\Users\User\Desktop\project 33\attendence-and-notification\.venv\lib\site-packages\telebot\__init__.py", line 660, in get_updates
    json_updates = apihelper.get_updates(
  File "C:\Users\User\Desktop\project 33\attendence-and-notification\.venv\lib\site-packages\telebot\apihelper.py", line 332, in get_updates
    return _make_request(token, method_url, params=payload)
  File "C:\Users\User\Desktop\project 33\attendence-and-notification\.venv\lib\site-packages\telebot\apihelper.py", line 168, in _make_request
    json_result = _check_result(method_name, result)
  File "C:\Users\User\Desktop\project 33\attendence-and-notification\.venv\lib\site-packages\telebot\apihelper.py", line 195, in _check_result
    raise ApiTelegramException(method_name, result, result_json)
telebot.apihelper.ApiTelegramException: A request to the Telegram API was unsuccessful. Error code: 409. Description: Conflict: terminated by other getUpdates request; make sure that only one bot instance is running

2024-12-05 20:10:21,640 - TeleBot - ERROR - Threaded polling exception: A request to the Telegram API was unsuccessful. Error code: 409. Description: Conflict: terminated by other getUpdates request; make sure that only one bot instance is running
2024-12-05 20:10:21,641 - TeleBot - ERROR - Exception traceback:
Traceback (most recent call last):
  File "C:\Users\User\Desktop\project 33\attendence-and-notification\.venv\lib\site-packages\telebot\__init__.py", line 1234, in __threaded_polling
    polling_thread.raise_exceptions()
  File "C:\Users\User\Desktop\project 33\attendence-and-notification\.venv\lib\site-packages\telebot\util.py", line 111, in raise_exceptions
    raise self.exception_info
  File "C:\Users\User\Desktop\project 33\attendence-and-notification\.venv\lib\site-packages\telebot\util.py", line 93, in run
    task(*args, **kwargs)
  File "C:\Users\User\Desktop\project 33\attendence-and-notification\.venv\lib\site-packages\telebot\__init__.py", line 688, in __retrieve_updates
    updates = self.get_updates(offset=(self.last_update_id + 1),
  File "C:\Users\User\Desktop\project 33\attendence-and-notification\.venv\lib\site-packages\telebot\__init__.py", line 660, in get_updates
    json_updates = apihelper.get_updates(
  File "C:\Users\User\Desktop\project 33\attendence-and-notification\.venv\lib\site-packages\telebot\apihelper.py", line 332, in get_updates
    return _make_request(token, method_url, params=payload)
  File "C:\Users\User\Desktop\project 33\attendence-and-notification\.venv\lib\site-packages\telebot\apihelper.py", line 168, in _make_request
    json_result = _check_result(method_name, result)
  File "C:\Users\User\Desktop\project 33\attendence-and-notification\.venv\lib\site-packages\telebot\apihelper.py", line 195, in _check_result
    raise ApiTelegramException(method_name, result, result_json)
telebot.apihelper.ApiTelegramException: A request to the Telegram API was unsuccessful. Error code: 409. Description: Conflict: terminated by other getUpdates request; make sure that only one bot instance is running

2024-12-05 20:11:21,765 - TeleBot - ERROR - Threaded polling exception: A request to the Telegram API was unsuccessful. Error code: 409. Description: Conflict: terminated by other getUpdates request; make sure that only one bot instance is running
2024-12-05 20:11:21,765 - TeleBot - ERROR - Exception traceback:
Traceback (most recent call last):
  File "C:\Users\User\Desktop\project 33\attendence-and-notification\.venv\lib\site-packages\telebot\__init__.py", line 1234, in __threaded_polling
    polling_thread.raise_exceptions()
  File "C:\Users\User\Desktop\project 33\attendence-and-notification\.venv\lib\site-packages\telebot\util.py", line 111, in raise_exceptions
    raise self.exception_info
  File "C:\Users\User\Desktop\project 33\attendence-and-notification\.venv\lib\site-packages\telebot\util.py", line 93, in run
    task(*args, **kwargs)
  File "C:\Users\User\Desktop\project 33\attendence-and-notification\.venv\lib\site-packages\telebot\__init__.py", line 688, in __retrieve_updates
    updates = self.get_updates(offset=(self.last_update_id + 1),
  File "C:\Users\User\Desktop\project 33\attendence-and-notification\.venv\lib\site-packages\telebot\__init__.py", line 660, in get_updates
    json_updates = apihelper.get_updates(
  File "C:\Users\User\Desktop\project 33\attendence-and-notification\.venv\lib\site-packages\telebot\apihelper.py", line 332, in get_updates
    return _make_request(token, method_url, params=payload)
  File "C:\Users\User\Desktop\project 33\attendence-and-notification\.venv\lib\site-packages\telebot\apihelper.py", line 168, in _make_request
    json_result = _check_result(method_name, result)
  File "C:\Users\User\Desktop\project 33\attendence-and-notification\.venv\lib\site-packages\telebot\apihelper.py", line 195, in _check_result
    raise ApiTelegramException(method_name, result, result_json)
telebot.apihelper.ApiTelegramException: A request to the Telegram API was unsuccessful. Error code: 409. Description: Conflict: terminated by other getUpdates request; make sure that only one bot instance is running

2024-12-05 20:11:25,152 - TeleBot - ERROR - Threaded polling exception: A request to the Telegram API was unsuccessful. Error code: 409. Description: Conflict: terminated by other getUpdates request; make sure that only one bot instance is running
2024-12-05 20:11:25,152 - TeleBot - ERROR - Exception traceback:
Traceback (most recent call last):
  File "C:\Users\User\Desktop\project 33\attendence-and-notification\.venv\lib\site-packages\telebot\__init__.py", line 1234, in __threaded_polling
    polling_thread.raise_exceptions()
  File "C:\Users\User\Desktop\project 33\attendence-and-notification\.venv\lib\site-packages\telebot\util.py", line 111, in raise_exceptions
    raise self.exception_info
  File "C:\Users\User\Desktop\project 33\attendence-and-notification\.venv\lib\site-packages\telebot\util.py", line 93, in run
    task(*args, **kwargs)
  File "C:\Users\User\Desktop\project 33\attendence-and-notification\.venv\lib\site-packages\telebot\__init__.py", line 688, in __retrieve_updates
    updates = self.get_updates(offset=(self.last_update_id + 1),
  File "C:\Users\User\Desktop\project 33\attendence-and-notification\.venv\lib\site-packages\telebot\__init__.py", line 660, in get_updates
    json_updates = apihelper.get_updates(
  File "C:\Users\User\Desktop\project 33\attendence-and-notification\.venv\lib\site-packages\telebot\apihelper.py", line 332, in get_updates
    return _make_request(token, method_url, params=payload)
  File "C:\Users\User\Desktop\project 33\attendence-and-notification\.venv\lib\site-packages\telebot\apihelper.py", line 168, in _make_request
    json_result = _check_result(method_name, result)
  File "C:\Users\User\Desktop\project 33\attendence-and-notification\.venv\lib\site-packages\telebot\apihelper.py", line 195, in _check_result
    raise ApiTelegramException(method_name, result, result_json)
telebot.apihelper.ApiTelegramException: A request to the Telegram API was unsuccessful. Error code: 409. Description: Conflict: terminated by other getUpdates request; make sure that only one bot instance is running

2024-12-05 20:12:25,291 - TeleBot - ERROR - Threaded polling exception: A request to the Telegram API was unsuccessful. Error code: 409. Description: Conflict: terminated by other getUpdates request; make sure that only one bot instance is running
2024-12-05 20:12:25,291 - TeleBot - ERROR - Exception traceback:
Traceback (most recent call last):
  File "C:\Users\User\Desktop\project 33\attendence-and-notification\.venv\lib\site-packages\telebot\__init__.py", line 1234, in __threaded_polling
    polling_thread.raise_exceptions()
  File "C:\Users\User\Desktop\project 33\attendence-and-notification\.venv\lib\site-packages\telebot\util.py", line 111, in raise_exceptions
    raise self.exception_info
  File "C:\Users\User\Desktop\project 33\attendence-and-notification\.venv\lib\site-packages\telebot\util.py", line 93, in run
    task(*args, **kwargs)
  File "C:\Users\User\Desktop\project 33\attendence-and-notification\.venv\lib\site-packages\telebot\__init__.py", line 688, in __retrieve_updates
    updates = self.get_updates(offset=(self.last_update_id + 1),
  File "C:\Users\User\Desktop\project 33\attendence-and-notification\.venv\lib\site-packages\telebot\__init__.py", line 660, in get_updates
    json_updates = apihelper.get_updates(
  File "C:\Users\User\Desktop\project 33\attendence-and-notification\.venv\lib\site-packages\telebot\apihelper.py", line 332, in get_updates
    return _make_request(token, method_url, params=payload)
  File "C:\Users\User\Desktop\project 33\attendence-and-notification\.venv\lib\site-packages\telebot\apihelper.py", line 168, in _make_request
    json_result = _check_result(method_name, result)
  File "C:\Users\User\Desktop\project 33\attendence-and-notification\.venv\lib\site-packages\telebot\apihelper.py", line 195, in _check_result
    raise ApiTelegramException(method_name, result, result_json)
telebot.apihelper.ApiTelegramException: A request to the Telegram API was unsuccessful. Error code: 409. Description: Conflict: terminated by other getUpdates request; make sure that only one bot instance is running

2024-12-05 20:12:28,686 - TeleBot - ERROR - Threaded polling exception: A request to the Telegram API was unsuccessful. Error code: 409. Description: Conflict: terminated by other getUpdates request; make sure that only one bot instance is running
2024-12-05 20:12:28,688 - TeleBot - ERROR - Exception traceback:
Traceback (most recent call last):
  File "C:\Users\User\Desktop\project 33\attendence-and-notification\.venv\lib\site-packages\telebot\__init__.py", line 1234, in __threaded_polling
    polling_thread.raise_exceptions()
  File "C:\Users\User\Desktop\project 33\attendence-and-notification\.venv\lib\site-packages\telebot\util.py", line 111, in raise_exceptions
    raise self.exception_info
  File "C:\Users\User\Desktop\project 33\attendence-and-notification\.venv\lib\site-packages\telebot\util.py", line 93, in run
    task(*args, **kwargs)
  File "C:\Users\User\Desktop\project 33\attendence-and-notification\.venv\lib\site-packages\telebot\__init__.py", line 688, in __retrieve_updates
    updates = self.get_updates(offset=(self.last_update_id + 1),
  File "C:\Users\User\Desktop\project 33\attendence-and-notification\.venv\lib\site-packages\telebot\__init__.py", line 660, in get_updates
    json_updates = apihelper.get_updates(
  File "C:\Users\User\Desktop\project 33\attendence-and-notification\.venv\lib\site-packages\telebot\apihelper.py", line 332, in get_updates
    return _make_request(token, method_url, params=payload)
  File "C:\Users\User\Desktop\project 33\attendence-and-notification\.venv\lib\site-packages\telebot\apihelper.py", line 168, in _make_request
    json_result = _check_result(method_name, result)
  File "C:\Users\User\Desktop\project 33\attendence-and-notification\.venv\lib\site-packages\telebot\apihelper.py", line 195, in _check_result
    raise ApiTelegramException(method_name, result, result_json)
telebot.apihelper.ApiTelegramException: A request to the Telegram API was unsuccessful. Error code: 409. Description: Conflict: terminated by other getUpdates request; make sure that only one bot instance is running

2024-12-05 20:13:28,827 - TeleBot - ERROR - Threaded polling exception: A request to the Telegram API was unsuccessful. Error code: 409. Description: Conflict: terminated by other getUpdates request; make sure that only one bot instance is running
2024-12-05 20:13:28,829 - TeleBot - ERROR - Exception traceback:
Traceback (most recent call last):
  File "C:\Users\User\Desktop\project 33\attendence-and-notification\.venv\lib\site-packages\telebot\__init__.py", line 1234, in __threaded_polling
    polling_thread.raise_exceptions()
  File "C:\Users\User\Desktop\project 33\attendence-and-notification\.venv\lib\site-packages\telebot\util.py", line 111, in raise_exceptions
    raise self.exception_info
  File "C:\Users\User\Desktop\project 33\attendence-and-notification\.venv\lib\site-packages\telebot\util.py", line 93, in run
    task(*args, **kwargs)
  File "C:\Users\User\Desktop\project 33\attendence-and-notification\.venv\lib\site-packages\telebot\__init__.py", line 688, in __retrieve_updates
    updates = self.get_updates(offset=(self.last_update_id + 1),
  File "C:\Users\User\Desktop\project 33\attendence-and-notification\.venv\lib\site-packages\telebot\__init__.py", line 660, in get_updates
    json_updates = apihelper.get_updates(
  File "C:\Users\User\Desktop\project 33\attendence-and-notification\.venv\lib\site-packages\telebot\apihelper.py", line 332, in get_updates
    return _make_request(token, method_url, params=payload)
  File "C:\Users\User\Desktop\project 33\attendence-and-notification\.venv\lib\site-packages\telebot\apihelper.py", line 168, in _make_request
    json_result = _check_result(method_name, result)
  File "C:\Users\User\Desktop\project 33\attendence-and-notification\.venv\lib\site-packages\telebot\apihelper.py", line 195, in _check_result
    raise ApiTelegramException(method_name, result, result_json)
telebot.apihelper.ApiTelegramException: A request to the Telegram API was unsuccessful. Error code: 409. Description: Conflict: terminated by other getUpdates request; make sure that only one bot instance is running

2024-12-05 20:13:32,223 - TeleBot - ERROR - Threaded polling exception: A request to the Telegram API was unsuccessful. Error code: 409. Description: Conflict: terminated by other getUpdates request; make sure that only one bot instance is running
2024-12-05 20:13:32,223 - TeleBot - ERROR - Exception traceback:
Traceback (most recent call last):
  File "C:\Users\User\Desktop\project 33\attendence-and-notification\.venv\lib\site-packages\telebot\__init__.py", line 1234, in __threaded_polling
    polling_thread.raise_exceptions()
  File "C:\Users\User\Desktop\project 33\attendence-and-notification\.venv\lib\site-packages\telebot\util.py", line 111, in raise_exceptions
    raise self.exception_info
  File "C:\Users\User\Desktop\project 33\attendence-and-notification\.venv\lib\site-packages\telebot\util.py", line 93, in run
    task(*args, **kwargs)
  File "C:\Users\User\Desktop\project 33\attendence-and-notification\.venv\lib\site-packages\telebot\__init__.py", line 688, in __retrieve_updates
    updates = self.get_updates(offset=(self.last_update_id + 1),
  File "C:\Users\User\Desktop\project 33\attendence-and-notification\.venv\lib\site-packages\telebot\__init__.py", line 660, in get_updates
    json_updates = apihelper.get_updates(
  File "C:\Users\User\Desktop\project 33\attendence-and-notification\.venv\lib\site-packages\telebot\apihelper.py", line 332, in get_updates
    return _make_request(token, method_url, params=payload)
  File "C:\Users\User\Desktop\project 33\attendence-and-notification\.venv\lib\site-packages\telebot\apihelper.py", line 168, in _make_request
    json_result = _check_result(method_name, result)
  File "C:\Users\User\Desktop\project 33\attendence-and-notification\.venv\lib\site-packages\telebot\apihelper.py", line 195, in _check_result
    raise ApiTelegramException(method_name, result, result_json)
telebot.apihelper.ApiTelegramException: A request to the Telegram API was unsuccessful. Error code: 409. Description: Conflict: terminated by other getUpdates request; make sure that only one bot instance is running

2024-12-05 20:14:01,542 - django.utils.autoreload - INFO - C:\Users\User\Desktop\project 33\attendence-and-notification\attendence\telegram_bot_updated.py changed, reloading.
2024-12-05 20:14:32,356 - TeleBot - ERROR - Threaded polling exception: A request to the Telegram API was unsuccessful. Error code: 409. Description: Conflict: terminated by other getUpdates request; make sure that only one bot instance is running
2024-12-05 20:14:32,359 - TeleBot - ERROR - Exception traceback:
Traceback (most recent call last):
  File "C:\Users\User\Desktop\project 33\attendence-and-notification\.venv\lib\site-packages\telebot\__init__.py", line 1234, in __threaded_polling
    polling_thread.raise_exceptions()
  File "C:\Users\User\Desktop\project 33\attendence-and-notification\.venv\lib\site-packages\telebot\util.py", line 111, in raise_exceptions
    raise self.exception_info
  File "C:\Users\User\Desktop\project 33\attendence-and-notification\.venv\lib\site-packages\telebot\util.py", line 93, in run
    task(*args, **kwargs)
  File "C:\Users\User\Desktop\project 33\attendence-and-notification\.venv\lib\site-packages\telebot\__init__.py", line 688, in __retrieve_updates
    updates = self.get_updates(offset=(self.last_update_id + 1),
  File "C:\Users\User\Desktop\project 33\attendence-and-notification\.venv\lib\site-packages\telebot\__init__.py", line 660, in get_updates
    json_updates = apihelper.get_updates(
  File "C:\Users\User\Desktop\project 33\attendence-and-notification\.venv\lib\site-packages\telebot\apihelper.py", line 332, in get_updates
    return _make_request(token, method_url, params=payload)
  File "C:\Users\User\Desktop\project 33\attendence-and-notification\.venv\lib\site-packages\telebot\apihelper.py", line 168, in _make_request
    json_result = _check_result(method_name, result)
  File "C:\Users\User\Desktop\project 33\attendence-and-notification\.venv\lib\site-packages\telebot\apihelper.py", line 195, in _check_result
    raise ApiTelegramException(method_name, result, result_json)
telebot.apihelper.ApiTelegramException: A request to the Telegram API was unsuccessful. Error code: 409. Description: Conflict: terminated by other getUpdates request; make sure that only one bot instance is running

2024-12-05 20:14:35,737 - TeleBot - ERROR - Threaded polling exception: A request to the Telegram API was unsuccessful. Error code: 409. Description: Conflict: terminated by other getUpdates request; make sure that only one bot instance is running
2024-12-05 20:14:35,741 - TeleBot - ERROR - Exception traceback:
Traceback (most recent call last):
  File "C:\Users\User\Desktop\project 33\attendence-and-notification\.venv\lib\site-packages\telebot\__init__.py", line 1234, in __threaded_polling
    polling_thread.raise_exceptions()
  File "C:\Users\User\Desktop\project 33\attendence-and-notification\.venv\lib\site-packages\telebot\util.py", line 111, in raise_exceptions
    raise self.exception_info
  File "C:\Users\User\Desktop\project 33\attendence-and-notification\.venv\lib\site-packages\telebot\util.py", line 93, in run
    task(*args, **kwargs)
  File "C:\Users\User\Desktop\project 33\attendence-and-notification\.venv\lib\site-packages\telebot\__init__.py", line 688, in __retrieve_updates
    updates = self.get_updates(offset=(self.last_update_id + 1),
  File "C:\Users\User\Desktop\project 33\attendence-and-notification\.venv\lib\site-packages\telebot\__init__.py", line 660, in get_updates
    json_updates = apihelper.get_updates(
  File "C:\Users\User\Desktop\project 33\attendence-and-notification\.venv\lib\site-packages\telebot\apihelper.py", line 332, in get_updates
    return _make_request(token, method_url, params=payload)
  File "C:\Users\User\Desktop\project 33\attendence-and-notification\.venv\lib\site-packages\telebot\apihelper.py", line 168, in _make_request
    json_result = _check_result(method_name, result)
  File "C:\Users\User\Desktop\project 33\attendence-and-notification\.venv\lib\site-packages\telebot\apihelper.py", line 195, in _check_result
    raise ApiTelegramException(method_name, result, result_json)
telebot.apihelper.ApiTelegramException: A request to the Telegram API was unsuccessful. Error code: 409. Description: Conflict: terminated by other getUpdates request; make sure that only one bot instance is running

2024-12-05 20:14:39,002 - attendence.telegram_bot_updated - INFO - Bot initialized successfully with token
2024-12-05 20:14:39,388 - attendence.telegram_bot_updated - INFO - Bot status check: {'bot_connected': True, 'bot_username': '@notification_softclub_bot', 'bot_name': 'Notification Softclub', 'active_groups_count': 2, 'active_groups': ['Test Bots (ID: -4664539814)', 'BOT TEST (ID: -4539632586)'], 'last_check': '2024-12-05 20:14:39'}
2024-12-05 20:14:39,388 - attendence.telegram_bot_updated - INFO - Bot is ready. Connected as @notification_softclub_bot
2024-12-05 20:14:39,388 - attendence.telegram_bot_updated - INFO - Active groups: 2
2024-12-05 20:14:39,502 - attendence.telegram_bot_updated - INFO - Bot connection test successful! Bot info: Notification Softclub (@notification_softclub_bot)
2024-12-05 20:14:39,503 - attendence.telegram_bot_updated - INFO - Bot is ready to send messages
2024-12-05 20:14:39,503 - attendence.telegram_bot_updated - INFO - Telegram bot started successfully!
2024-12-05 20:14:40,192 - TeleBot - ERROR - Threaded polling exception: A request to the Telegram API was unsuccessful. Error code: 409. Description: Conflict: terminated by other getUpdates request; make sure that only one bot instance is running
2024-12-05 20:14:40,192 - TeleBot - ERROR - Exception traceback:
Traceback (most recent call last):
  File "C:\Users\User\Desktop\project 33\attendence-and-notification\.venv\lib\site-packages\telebot\__init__.py", line 1234, in __threaded_polling
    polling_thread.raise_exceptions()
  File "C:\Users\User\Desktop\project 33\attendence-and-notification\.venv\lib\site-packages\telebot\util.py", line 111, in raise_exceptions
    raise self.exception_info
  File "C:\Users\User\Desktop\project 33\attendence-and-notification\.venv\lib\site-packages\telebot\util.py", line 93, in run
    task(*args, **kwargs)
  File "C:\Users\User\Desktop\project 33\attendence-and-notification\.venv\lib\site-packages\telebot\__init__.py", line 688, in __retrieve_updates
    updates = self.get_updates(offset=(self.last_update_id + 1),
  File "C:\Users\User\Desktop\project 33\attendence-and-notification\.venv\lib\site-packages\telebot\__init__.py", line 660, in get_updates
    json_updates = apihelper.get_updates(
  File "C:\Users\User\Desktop\project 33\attendence-and-notification\.venv\lib\site-packages\telebot\apihelper.py", line 332, in get_updates
    return _make_request(token, method_url, params=payload)
  File "C:\Users\User\Desktop\project 33\attendence-and-notification\.venv\lib\site-packages\telebot\apihelper.py", line 168, in _make_request
    json_result = _check_result(method_name, result)
  File "C:\Users\User\Desktop\project 33\attendence-and-notification\.venv\lib\site-packages\telebot\apihelper.py", line 195, in _check_result
    raise ApiTelegramException(method_name, result, result_json)
telebot.apihelper.ApiTelegramException: A request to the Telegram API was unsuccessful. Error code: 409. Description: Conflict: terminated by other getUpdates request; make sure that only one bot instance is running

2024-12-05 20:14:43,849 - TeleBot - ERROR - Threaded polling exception: A request to the Telegram API was unsuccessful. Error code: 409. Description: Conflict: terminated by other getUpdates request; make sure that only one bot instance is running
2024-12-05 20:14:43,853 - TeleBot - ERROR - Exception traceback:
Traceback (most recent call last):
  File "C:\Users\User\Desktop\project 33\attendence-and-notification\.venv\lib\site-packages\telebot\__init__.py", line 1234, in __threaded_polling
    polling_thread.raise_exceptions()
  File "C:\Users\User\Desktop\project 33\attendence-and-notification\.venv\lib\site-packages\telebot\util.py", line 111, in raise_exceptions
    raise self.exception_info
  File "C:\Users\User\Desktop\project 33\attendence-and-notification\.venv\lib\site-packages\telebot\util.py", line 93, in run
    task(*args, **kwargs)
  File "C:\Users\User\Desktop\project 33\attendence-and-notification\.venv\lib\site-packages\telebot\__init__.py", line 688, in __retrieve_updates
    updates = self.get_updates(offset=(self.last_update_id + 1),
  File "C:\Users\User\Desktop\project 33\attendence-and-notification\.venv\lib\site-packages\telebot\__init__.py", line 660, in get_updates
    json_updates = apihelper.get_updates(
  File "C:\Users\User\Desktop\project 33\attendence-and-notification\.venv\lib\site-packages\telebot\apihelper.py", line 332, in get_updates
    return _make_request(token, method_url, params=payload)
  File "C:\Users\User\Desktop\project 33\attendence-and-notification\.venv\lib\site-packages\telebot\apihelper.py", line 168, in _make_request
    json_result = _check_result(method_name, result)
  File "C:\Users\User\Desktop\project 33\attendence-and-notification\.venv\lib\site-packages\telebot\apihelper.py", line 195, in _check_result
    raise ApiTelegramException(method_name, result, result_json)
telebot.apihelper.ApiTelegramException: A request to the Telegram API was unsuccessful. Error code: 409. Description: Conflict: terminated by other getUpdates request; make sure that only one bot instance is running

2024-12-05 20:14:44,264 - TeleBot - ERROR - Threaded polling exception: A request to the Telegram API was unsuccessful. Error code: 409. Description: Conflict: terminated by other getUpdates request; make sure that only one bot instance is running
2024-12-05 20:14:44,266 - TeleBot - ERROR - Exception traceback:
Traceback (most recent call last):
  File "C:\Users\User\Desktop\project 33\attendence-and-notification\.venv\lib\site-packages\telebot\__init__.py", line 1234, in __threaded_polling
    polling_thread.raise_exceptions()
  File "C:\Users\User\Desktop\project 33\attendence-and-notification\.venv\lib\site-packages\telebot\util.py", line 111, in raise_exceptions
    raise self.exception_info
  File "C:\Users\User\Desktop\project 33\attendence-and-notification\.venv\lib\site-packages\telebot\util.py", line 93, in run
    task(*args, **kwargs)
  File "C:\Users\User\Desktop\project 33\attendence-and-notification\.venv\lib\site-packages\telebot\__init__.py", line 688, in __retrieve_updates
    updates = self.get_updates(offset=(self.last_update_id + 1),
  File "C:\Users\User\Desktop\project 33\attendence-and-notification\.venv\lib\site-packages\telebot\__init__.py", line 660, in get_updates
    json_updates = apihelper.get_updates(
  File "C:\Users\User\Desktop\project 33\attendence-and-notification\.venv\lib\site-packages\telebot\apihelper.py", line 332, in get_updates
    return _make_request(token, method_url, params=payload)
  File "C:\Users\User\Desktop\project 33\attendence-and-notification\.venv\lib\site-packages\telebot\apihelper.py", line 168, in _make_request
    json_result = _check_result(method_name, result)
  File "C:\Users\User\Desktop\project 33\attendence-and-notification\.venv\lib\site-packages\telebot\apihelper.py", line 195, in _check_result
    raise ApiTelegramException(method_name, result, result_json)
telebot.apihelper.ApiTelegramException: A request to the Telegram API was unsuccessful. Error code: 409. Description: Conflict: terminated by other getUpdates request; make sure that only one bot instance is running

2024-12-05 20:14:48,435 - TeleBot - ERROR - Threaded polling exception: A request to the Telegram API was unsuccessful. Error code: 409. Description: Conflict: terminated by other getUpdates request; make sure that only one bot instance is running
2024-12-05 20:14:48,438 - TeleBot - ERROR - Exception traceback:
Traceback (most recent call last):
  File "C:\Users\User\Desktop\project 33\attendence-and-notification\.venv\lib\site-packages\telebot\__init__.py", line 1234, in __threaded_polling
    polling_thread.raise_exceptions()
  File "C:\Users\User\Desktop\project 33\attendence-and-notification\.venv\lib\site-packages\telebot\util.py", line 111, in raise_exceptions
    raise self.exception_info
  File "C:\Users\User\Desktop\project 33\attendence-and-notification\.venv\lib\site-packages\telebot\util.py", line 93, in run
    task(*args, **kwargs)
  File "C:\Users\User\Desktop\project 33\attendence-and-notification\.venv\lib\site-packages\telebot\__init__.py", line 688, in __retrieve_updates
    updates = self.get_updates(offset=(self.last_update_id + 1),
  File "C:\Users\User\Desktop\project 33\attendence-and-notification\.venv\lib\site-packages\telebot\__init__.py", line 660, in get_updates
    json_updates = apihelper.get_updates(
  File "C:\Users\User\Desktop\project 33\attendence-and-notification\.venv\lib\site-packages\telebot\apihelper.py", line 332, in get_updates
    return _make_request(token, method_url, params=payload)
  File "C:\Users\User\Desktop\project 33\attendence-and-notification\.venv\lib\site-packages\telebot\apihelper.py", line 168, in _make_request
    json_result = _check_result(method_name, result)
  File "C:\Users\User\Desktop\project 33\attendence-and-notification\.venv\lib\site-packages\telebot\apihelper.py", line 195, in _check_result
    raise ApiTelegramException(method_name, result, result_json)
telebot.apihelper.ApiTelegramException: A request to the Telegram API was unsuccessful. Error code: 409. Description: Conflict: terminated by other getUpdates request; make sure that only one bot instance is running

2024-12-05 20:14:49,112 - TeleBot - ERROR - Threaded polling exception: A request to the Telegram API was unsuccessful. Error code: 409. Description: Conflict: terminated by other getUpdates request; make sure that only one bot instance is running
2024-12-05 20:14:49,112 - TeleBot - ERROR - Exception traceback:
Traceback (most recent call last):
  File "C:\Users\User\Desktop\project 33\attendence-and-notification\.venv\lib\site-packages\telebot\__init__.py", line 1234, in __threaded_polling
    polling_thread.raise_exceptions()
  File "C:\Users\User\Desktop\project 33\attendence-and-notification\.venv\lib\site-packages\telebot\util.py", line 111, in raise_exceptions
    raise self.exception_info
  File "C:\Users\User\Desktop\project 33\attendence-and-notification\.venv\lib\site-packages\telebot\util.py", line 93, in run
    task(*args, **kwargs)
  File "C:\Users\User\Desktop\project 33\attendence-and-notification\.venv\lib\site-packages\telebot\__init__.py", line 688, in __retrieve_updates
    updates = self.get_updates(offset=(self.last_update_id + 1),
  File "C:\Users\User\Desktop\project 33\attendence-and-notification\.venv\lib\site-packages\telebot\__init__.py", line 660, in get_updates
    json_updates = apihelper.get_updates(
  File "C:\Users\User\Desktop\project 33\attendence-and-notification\.venv\lib\site-packages\telebot\apihelper.py", line 332, in get_updates
    return _make_request(token, method_url, params=payload)
  File "C:\Users\User\Desktop\project 33\attendence-and-notification\.venv\lib\site-packages\telebot\apihelper.py", line 168, in _make_request
    json_result = _check_result(method_name, result)
  File "C:\Users\User\Desktop\project 33\attendence-and-notification\.venv\lib\site-packages\telebot\apihelper.py", line 195, in _check_result
    raise ApiTelegramException(method_name, result, result_json)
telebot.apihelper.ApiTelegramException: A request to the Telegram API was unsuccessful. Error code: 409. Description: Conflict: terminated by other getUpdates request; make sure that only one bot instance is running

2024-12-05 20:14:54,240 - TeleBot - ERROR - Threaded polling exception: A request to the Telegram API was unsuccessful. Error code: 409. Description: Conflict: terminated by other getUpdates request; make sure that only one bot instance is running
2024-12-05 20:14:54,242 - TeleBot - ERROR - Exception traceback:
Traceback (most recent call last):
  File "C:\Users\User\Desktop\project 33\attendence-and-notification\.venv\lib\site-packages\telebot\__init__.py", line 1234, in __threaded_polling
    polling_thread.raise_exceptions()
  File "C:\Users\User\Desktop\project 33\attendence-and-notification\.venv\lib\site-packages\telebot\util.py", line 111, in raise_exceptions
    raise self.exception_info
  File "C:\Users\User\Desktop\project 33\attendence-and-notification\.venv\lib\site-packages\telebot\util.py", line 93, in run
    task(*args, **kwargs)
  File "C:\Users\User\Desktop\project 33\attendence-and-notification\.venv\lib\site-packages\telebot\__init__.py", line 688, in __retrieve_updates
    updates = self.get_updates(offset=(self.last_update_id + 1),
  File "C:\Users\User\Desktop\project 33\attendence-and-notification\.venv\lib\site-packages\telebot\__init__.py", line 660, in get_updates
    json_updates = apihelper.get_updates(
  File "C:\Users\User\Desktop\project 33\attendence-and-notification\.venv\lib\site-packages\telebot\apihelper.py", line 332, in get_updates
    return _make_request(token, method_url, params=payload)
  File "C:\Users\User\Desktop\project 33\attendence-and-notification\.venv\lib\site-packages\telebot\apihelper.py", line 168, in _make_request
    json_result = _check_result(method_name, result)
  File "C:\Users\User\Desktop\project 33\attendence-and-notification\.venv\lib\site-packages\telebot\apihelper.py", line 195, in _check_result
    raise ApiTelegramException(method_name, result, result_json)
telebot.apihelper.ApiTelegramException: A request to the Telegram API was unsuccessful. Error code: 409. Description: Conflict: terminated by other getUpdates request; make sure that only one bot instance is running

2024-12-05 20:14:55,372 - TeleBot - ERROR - Threaded polling exception: A request to the Telegram API was unsuccessful. Error code: 409. Description: Conflict: terminated by other getUpdates request; make sure that only one bot instance is running
2024-12-05 20:14:55,378 - TeleBot - ERROR - Exception traceback:
Traceback (most recent call last):
  File "C:\Users\User\Desktop\project 33\attendence-and-notification\.venv\lib\site-packages\telebot\__init__.py", line 1234, in __threaded_polling
    polling_thread.raise_exceptions()
  File "C:\Users\User\Desktop\project 33\attendence-and-notification\.venv\lib\site-packages\telebot\util.py", line 111, in raise_exceptions
    raise self.exception_info
  File "C:\Users\User\Desktop\project 33\attendence-and-notification\.venv\lib\site-packages\telebot\util.py", line 93, in run
    task(*args, **kwargs)
  File "C:\Users\User\Desktop\project 33\attendence-and-notification\.venv\lib\site-packages\telebot\__init__.py", line 688, in __retrieve_updates
    updates = self.get_updates(offset=(self.last_update_id + 1),
  File "C:\Users\User\Desktop\project 33\attendence-and-notification\.venv\lib\site-packages\telebot\__init__.py", line 660, in get_updates
    json_updates = apihelper.get_updates(
  File "C:\Users\User\Desktop\project 33\attendence-and-notification\.venv\lib\site-packages\telebot\apihelper.py", line 332, in get_updates
    return _make_request(token, method_url, params=payload)
  File "C:\Users\User\Desktop\project 33\attendence-and-notification\.venv\lib\site-packages\telebot\apihelper.py", line 168, in _make_request
    json_result = _check_result(method_name, result)
  File "C:\Users\User\Desktop\project 33\attendence-and-notification\.venv\lib\site-packages\telebot\apihelper.py", line 195, in _check_result
    raise ApiTelegramException(method_name, result, result_json)
telebot.apihelper.ApiTelegramException: A request to the Telegram API was unsuccessful. Error code: 409. Description: Conflict: terminated by other getUpdates request; make sure that only one bot instance is running

2024-12-05 20:14:59,505 - TeleBot - ERROR - Threaded polling exception: A request to the Telegram API was unsuccessful. Error code: 409. Description: Conflict: terminated by other getUpdates request; make sure that only one bot instance is running
2024-12-05 20:14:59,507 - TeleBot - ERROR - Exception traceback:
Traceback (most recent call last):
  File "C:\Users\User\Desktop\project 33\attendence-and-notification\.venv\lib\site-packages\telebot\__init__.py", line 1234, in __threaded_polling
    polling_thread.raise_exceptions()
  File "C:\Users\User\Desktop\project 33\attendence-and-notification\.venv\lib\site-packages\telebot\util.py", line 111, in raise_exceptions
    raise self.exception_info
  File "C:\Users\User\Desktop\project 33\attendence-and-notification\.venv\lib\site-packages\telebot\util.py", line 93, in run
    task(*args, **kwargs)
  File "C:\Users\User\Desktop\project 33\attendence-and-notification\.venv\lib\site-packages\telebot\__init__.py", line 688, in __retrieve_updates
    updates = self.get_updates(offset=(self.last_update_id + 1),
  File "C:\Users\User\Desktop\project 33\attendence-and-notification\.venv\lib\site-packages\telebot\__init__.py", line 660, in get_updates
    json_updates = apihelper.get_updates(
  File "C:\Users\User\Desktop\project 33\attendence-and-notification\.venv\lib\site-packages\telebot\apihelper.py", line 332, in get_updates
    return _make_request(token, method_url, params=payload)
  File "C:\Users\User\Desktop\project 33\attendence-and-notification\.venv\lib\site-packages\telebot\apihelper.py", line 168, in _make_request
    json_result = _check_result(method_name, result)
  File "C:\Users\User\Desktop\project 33\attendence-and-notification\.venv\lib\site-packages\telebot\apihelper.py", line 195, in _check_result
    raise ApiTelegramException(method_name, result, result_json)
telebot.apihelper.ApiTelegramException: A request to the Telegram API was unsuccessful. Error code: 409. Description: Conflict: terminated by other getUpdates request; make sure that only one bot instance is running

2024-12-05 20:15:04,639 - TeleBot - ERROR - Threaded polling exception: A request to the Telegram API was unsuccessful. Error code: 409. Description: Conflict: terminated by other getUpdates request; make sure that only one bot instance is running
2024-12-05 20:15:04,641 - TeleBot - ERROR - Exception traceback:
Traceback (most recent call last):
  File "C:\Users\User\Desktop\project 33\attendence-and-notification\.venv\lib\site-packages\telebot\__init__.py", line 1234, in __threaded_polling
    polling_thread.raise_exceptions()
  File "C:\Users\User\Desktop\project 33\attendence-and-notification\.venv\lib\site-packages\telebot\util.py", line 111, in raise_exceptions
    raise self.exception_info
  File "C:\Users\User\Desktop\project 33\attendence-and-notification\.venv\lib\site-packages\telebot\util.py", line 93, in run
    task(*args, **kwargs)
  File "C:\Users\User\Desktop\project 33\attendence-and-notification\.venv\lib\site-packages\telebot\__init__.py", line 688, in __retrieve_updates
    updates = self.get_updates(offset=(self.last_update_id + 1),
  File "C:\Users\User\Desktop\project 33\attendence-and-notification\.venv\lib\site-packages\telebot\__init__.py", line 660, in get_updates
    json_updates = apihelper.get_updates(
  File "C:\Users\User\Desktop\project 33\attendence-and-notification\.venv\lib\site-packages\telebot\apihelper.py", line 332, in get_updates
    return _make_request(token, method_url, params=payload)
  File "C:\Users\User\Desktop\project 33\attendence-and-notification\.venv\lib\site-packages\telebot\apihelper.py", line 168, in _make_request
    json_result = _check_result(method_name, result)
  File "C:\Users\User\Desktop\project 33\attendence-and-notification\.venv\lib\site-packages\telebot\apihelper.py", line 195, in _check_result
    raise ApiTelegramException(method_name, result, result_json)
telebot.apihelper.ApiTelegramException: A request to the Telegram API was unsuccessful. Error code: 409. Description: Conflict: terminated by other getUpdates request; make sure that only one bot instance is running

2024-12-05 20:15:12,770 - TeleBot - ERROR - Threaded polling exception: A request to the Telegram API was unsuccessful. Error code: 409. Description: Conflict: terminated by other getUpdates request; make sure that only one bot instance is running
2024-12-05 20:15:12,772 - TeleBot - ERROR - Exception traceback:
Traceback (most recent call last):
  File "C:\Users\User\Desktop\project 33\attendence-and-notification\.venv\lib\site-packages\telebot\__init__.py", line 1234, in __threaded_polling
    polling_thread.raise_exceptions()
  File "C:\Users\User\Desktop\project 33\attendence-and-notification\.venv\lib\site-packages\telebot\util.py", line 111, in raise_exceptions
    raise self.exception_info
  File "C:\Users\User\Desktop\project 33\attendence-and-notification\.venv\lib\site-packages\telebot\util.py", line 93, in run
    task(*args, **kwargs)
  File "C:\Users\User\Desktop\project 33\attendence-and-notification\.venv\lib\site-packages\telebot\__init__.py", line 688, in __retrieve_updates
    updates = self.get_updates(offset=(self.last_update_id + 1),
  File "C:\Users\User\Desktop\project 33\attendence-and-notification\.venv\lib\site-packages\telebot\__init__.py", line 660, in get_updates
    json_updates = apihelper.get_updates(
  File "C:\Users\User\Desktop\project 33\attendence-and-notification\.venv\lib\site-packages\telebot\apihelper.py", line 332, in get_updates
    return _make_request(token, method_url, params=payload)
  File "C:\Users\User\Desktop\project 33\attendence-and-notification\.venv\lib\site-packages\telebot\apihelper.py", line 168, in _make_request
    json_result = _check_result(method_name, result)
  File "C:\Users\User\Desktop\project 33\attendence-and-notification\.venv\lib\site-packages\telebot\apihelper.py", line 195, in _check_result
    raise ApiTelegramException(method_name, result, result_json)
telebot.apihelper.ApiTelegramException: A request to the Telegram API was unsuccessful. Error code: 409. Description: Conflict: terminated by other getUpdates request; make sure that only one bot instance is running

2024-12-05 20:15:16,902 - TeleBot - ERROR - Threaded polling exception: A request to the Telegram API was unsuccessful. Error code: 409. Description: Conflict: terminated by other getUpdates request; make sure that only one bot instance is running
2024-12-05 20:15:16,902 - TeleBot - ERROR - Exception traceback:
Traceback (most recent call last):
  File "C:\Users\User\Desktop\project 33\attendence-and-notification\.venv\lib\site-packages\telebot\__init__.py", line 1234, in __threaded_polling
    polling_thread.raise_exceptions()
  File "C:\Users\User\Desktop\project 33\attendence-and-notification\.venv\lib\site-packages\telebot\util.py", line 111, in raise_exceptions
    raise self.exception_info
  File "C:\Users\User\Desktop\project 33\attendence-and-notification\.venv\lib\site-packages\telebot\util.py", line 93, in run
    task(*args, **kwargs)
  File "C:\Users\User\Desktop\project 33\attendence-and-notification\.venv\lib\site-packages\telebot\__init__.py", line 688, in __retrieve_updates
    updates = self.get_updates(offset=(self.last_update_id + 1),
  File "C:\Users\User\Desktop\project 33\attendence-and-notification\.venv\lib\site-packages\telebot\__init__.py", line 660, in get_updates
    json_updates = apihelper.get_updates(
  File "C:\Users\User\Desktop\project 33\attendence-and-notification\.venv\lib\site-packages\telebot\apihelper.py", line 332, in get_updates
    return _make_request(token, method_url, params=payload)
  File "C:\Users\User\Desktop\project 33\attendence-and-notification\.venv\lib\site-packages\telebot\apihelper.py", line 168, in _make_request
    json_result = _check_result(method_name, result)
  File "C:\Users\User\Desktop\project 33\attendence-and-notification\.venv\lib\site-packages\telebot\apihelper.py", line 195, in _check_result
    raise ApiTelegramException(method_name, result, result_json)
telebot.apihelper.ApiTelegramException: A request to the Telegram API was unsuccessful. Error code: 409. Description: Conflict: terminated by other getUpdates request; make sure that only one bot instance is running

2024-12-05 20:15:33,112 - TeleBot - ERROR - Threaded polling exception: A request to the Telegram API was unsuccessful. Error code: 409. Description: Conflict: terminated by other getUpdates request; make sure that only one bot instance is running
2024-12-05 20:15:33,112 - TeleBot - ERROR - Exception traceback:
Traceback (most recent call last):
  File "C:\Users\User\Desktop\project 33\attendence-and-notification\.venv\lib\site-packages\telebot\__init__.py", line 1234, in __threaded_polling
    polling_thread.raise_exceptions()
  File "C:\Users\User\Desktop\project 33\attendence-and-notification\.venv\lib\site-packages\telebot\util.py", line 111, in raise_exceptions
    raise self.exception_info
  File "C:\Users\User\Desktop\project 33\attendence-and-notification\.venv\lib\site-packages\telebot\util.py", line 93, in run
    task(*args, **kwargs)
  File "C:\Users\User\Desktop\project 33\attendence-and-notification\.venv\lib\site-packages\telebot\__init__.py", line 688, in __retrieve_updates
    updates = self.get_updates(offset=(self.last_update_id + 1),
  File "C:\Users\User\Desktop\project 33\attendence-and-notification\.venv\lib\site-packages\telebot\__init__.py", line 660, in get_updates
    json_updates = apihelper.get_updates(
  File "C:\Users\User\Desktop\project 33\attendence-and-notification\.venv\lib\site-packages\telebot\apihelper.py", line 332, in get_updates
    return _make_request(token, method_url, params=payload)
  File "C:\Users\User\Desktop\project 33\attendence-and-notification\.venv\lib\site-packages\telebot\apihelper.py", line 168, in _make_request
    json_result = _check_result(method_name, result)
  File "C:\Users\User\Desktop\project 33\attendence-and-notification\.venv\lib\site-packages\telebot\apihelper.py", line 195, in _check_result
    raise ApiTelegramException(method_name, result, result_json)
telebot.apihelper.ApiTelegramException: A request to the Telegram API was unsuccessful. Error code: 409. Description: Conflict: terminated by other getUpdates request; make sure that only one bot instance is running

2024-12-05 20:15:38,895 - TeleBot - ERROR - Threaded polling exception: A request to the Telegram API was unsuccessful. Error code: 409. Description: Conflict: terminated by other getUpdates request; make sure that only one bot instance is running
2024-12-05 20:15:38,898 - TeleBot - ERROR - Exception traceback:
Traceback (most recent call last):
  File "C:\Users\User\Desktop\project 33\attendence-and-notification\.venv\lib\site-packages\telebot\__init__.py", line 1234, in __threaded_polling
    polling_thread.raise_exceptions()
  File "C:\Users\User\Desktop\project 33\attendence-and-notification\.venv\lib\site-packages\telebot\util.py", line 111, in raise_exceptions
    raise self.exception_info
  File "C:\Users\User\Desktop\project 33\attendence-and-notification\.venv\lib\site-packages\telebot\util.py", line 93, in run
    task(*args, **kwargs)
  File "C:\Users\User\Desktop\project 33\attendence-and-notification\.venv\lib\site-packages\telebot\__init__.py", line 688, in __retrieve_updates
    updates = self.get_updates(offset=(self.last_update_id + 1),
  File "C:\Users\User\Desktop\project 33\attendence-and-notification\.venv\lib\site-packages\telebot\__init__.py", line 660, in get_updates
    json_updates = apihelper.get_updates(
  File "C:\Users\User\Desktop\project 33\attendence-and-notification\.venv\lib\site-packages\telebot\apihelper.py", line 332, in get_updates
    return _make_request(token, method_url, params=payload)
  File "C:\Users\User\Desktop\project 33\attendence-and-notification\.venv\lib\site-packages\telebot\apihelper.py", line 168, in _make_request
    json_result = _check_result(method_name, result)
  File "C:\Users\User\Desktop\project 33\attendence-and-notification\.venv\lib\site-packages\telebot\apihelper.py", line 195, in _check_result
    raise ApiTelegramException(method_name, result, result_json)
telebot.apihelper.ApiTelegramException: A request to the Telegram API was unsuccessful. Error code: 409. Description: Conflict: terminated by other getUpdates request; make sure that only one bot instance is running

2024-12-05 20:15:41,258 - TeleBot - ERROR - Threaded polling exception: A request to the Telegram API was unsuccessful. Error code: 409. Description: Conflict: terminated by other getUpdates request; make sure that only one bot instance is running
2024-12-05 20:15:41,263 - TeleBot - ERROR - Exception traceback:
Traceback (most recent call last):
  File "C:\Users\User\Desktop\project 33\attendence-and-notification\.venv\lib\site-packages\telebot\__init__.py", line 1234, in __threaded_polling
    polling_thread.raise_exceptions()
  File "C:\Users\User\Desktop\project 33\attendence-and-notification\.venv\lib\site-packages\telebot\util.py", line 111, in raise_exceptions
    raise self.exception_info
  File "C:\Users\User\Desktop\project 33\attendence-and-notification\.venv\lib\site-packages\telebot\util.py", line 93, in run
    task(*args, **kwargs)
  File "C:\Users\User\Desktop\project 33\attendence-and-notification\.venv\lib\site-packages\telebot\__init__.py", line 688, in __retrieve_updates
    updates = self.get_updates(offset=(self.last_update_id + 1),
  File "C:\Users\User\Desktop\project 33\attendence-and-notification\.venv\lib\site-packages\telebot\__init__.py", line 660, in get_updates
    json_updates = apihelper.get_updates(
  File "C:\Users\User\Desktop\project 33\attendence-and-notification\.venv\lib\site-packages\telebot\apihelper.py", line 332, in get_updates
    return _make_request(token, method_url, params=payload)
  File "C:\Users\User\Desktop\project 33\attendence-and-notification\.venv\lib\site-packages\telebot\apihelper.py", line 168, in _make_request
    json_result = _check_result(method_name, result)
  File "C:\Users\User\Desktop\project 33\attendence-and-notification\.venv\lib\site-packages\telebot\apihelper.py", line 195, in _check_result
    raise ApiTelegramException(method_name, result, result_json)
telebot.apihelper.ApiTelegramException: A request to the Telegram API was unsuccessful. Error code: 409. Description: Conflict: terminated by other getUpdates request; make sure that only one bot instance is running

2024-12-05 20:16:11,047 - TeleBot - ERROR - Threaded polling exception: A request to the Telegram API was unsuccessful. Error code: 409. Description: Conflict: terminated by other getUpdates request; make sure that only one bot instance is running
2024-12-05 20:16:11,049 - TeleBot - ERROR - Exception traceback:
Traceback (most recent call last):
  File "C:\Users\User\Desktop\project 33\attendence-and-notification\.venv\lib\site-packages\telebot\__init__.py", line 1234, in __threaded_polling
    polling_thread.raise_exceptions()
  File "C:\Users\User\Desktop\project 33\attendence-and-notification\.venv\lib\site-packages\telebot\util.py", line 111, in raise_exceptions
    raise self.exception_info
  File "C:\Users\User\Desktop\project 33\attendence-and-notification\.venv\lib\site-packages\telebot\util.py", line 93, in run
    task(*args, **kwargs)
  File "C:\Users\User\Desktop\project 33\attendence-and-notification\.venv\lib\site-packages\telebot\__init__.py", line 688, in __retrieve_updates
    updates = self.get_updates(offset=(self.last_update_id + 1),
  File "C:\Users\User\Desktop\project 33\attendence-and-notification\.venv\lib\site-packages\telebot\__init__.py", line 660, in get_updates
    json_updates = apihelper.get_updates(
  File "C:\Users\User\Desktop\project 33\attendence-and-notification\.venv\lib\site-packages\telebot\apihelper.py", line 332, in get_updates
    return _make_request(token, method_url, params=payload)
  File "C:\Users\User\Desktop\project 33\attendence-and-notification\.venv\lib\site-packages\telebot\apihelper.py", line 168, in _make_request
    json_result = _check_result(method_name, result)
  File "C:\Users\User\Desktop\project 33\attendence-and-notification\.venv\lib\site-packages\telebot\apihelper.py", line 195, in _check_result
    raise ApiTelegramException(method_name, result, result_json)
telebot.apihelper.ApiTelegramException: A request to the Telegram API was unsuccessful. Error code: 409. Description: Conflict: terminated by other getUpdates request; make sure that only one bot instance is running

2024-12-05 20:16:14,471 - TeleBot - ERROR - Threaded polling exception: A request to the Telegram API was unsuccessful. Error code: 409. Description: Conflict: terminated by other getUpdates request; make sure that only one bot instance is running
2024-12-05 20:16:14,473 - TeleBot - ERROR - Exception traceback:
Traceback (most recent call last):
  File "C:\Users\User\Desktop\project 33\attendence-and-notification\.venv\lib\site-packages\telebot\__init__.py", line 1234, in __threaded_polling
    polling_thread.raise_exceptions()
  File "C:\Users\User\Desktop\project 33\attendence-and-notification\.venv\lib\site-packages\telebot\util.py", line 111, in raise_exceptions
    raise self.exception_info
  File "C:\Users\User\Desktop\project 33\attendence-and-notification\.venv\lib\site-packages\telebot\util.py", line 93, in run
    task(*args, **kwargs)
  File "C:\Users\User\Desktop\project 33\attendence-and-notification\.venv\lib\site-packages\telebot\__init__.py", line 688, in __retrieve_updates
    updates = self.get_updates(offset=(self.last_update_id + 1),
  File "C:\Users\User\Desktop\project 33\attendence-and-notification\.venv\lib\site-packages\telebot\__init__.py", line 660, in get_updates
    json_updates = apihelper.get_updates(
  File "C:\Users\User\Desktop\project 33\attendence-and-notification\.venv\lib\site-packages\telebot\apihelper.py", line 332, in get_updates
    return _make_request(token, method_url, params=payload)
  File "C:\Users\User\Desktop\project 33\attendence-and-notification\.venv\lib\site-packages\telebot\apihelper.py", line 168, in _make_request
    json_result = _check_result(method_name, result)
  File "C:\Users\User\Desktop\project 33\attendence-and-notification\.venv\lib\site-packages\telebot\apihelper.py", line 195, in _check_result
    raise ApiTelegramException(method_name, result, result_json)
telebot.apihelper.ApiTelegramException: A request to the Telegram API was unsuccessful. Error code: 409. Description: Conflict: terminated by other getUpdates request; make sure that only one bot instance is running

2024-12-05 20:16:41,409 - TeleBot - ERROR - Threaded polling exception: A request to the Telegram API was unsuccessful. Error code: 409. Description: Conflict: terminated by other getUpdates request; make sure that only one bot instance is running
2024-12-05 20:16:41,410 - TeleBot - ERROR - Exception traceback:
Traceback (most recent call last):
  File "C:\Users\User\Desktop\project 33\attendence-and-notification\.venv\lib\site-packages\telebot\__init__.py", line 1234, in __threaded_polling
    polling_thread.raise_exceptions()
  File "C:\Users\User\Desktop\project 33\attendence-and-notification\.venv\lib\site-packages\telebot\util.py", line 111, in raise_exceptions
    raise self.exception_info
  File "C:\Users\User\Desktop\project 33\attendence-and-notification\.venv\lib\site-packages\telebot\util.py", line 93, in run
    task(*args, **kwargs)
  File "C:\Users\User\Desktop\project 33\attendence-and-notification\.venv\lib\site-packages\telebot\__init__.py", line 688, in __retrieve_updates
    updates = self.get_updates(offset=(self.last_update_id + 1),
  File "C:\Users\User\Desktop\project 33\attendence-and-notification\.venv\lib\site-packages\telebot\__init__.py", line 660, in get_updates
    json_updates = apihelper.get_updates(
  File "C:\Users\User\Desktop\project 33\attendence-and-notification\.venv\lib\site-packages\telebot\apihelper.py", line 332, in get_updates
    return _make_request(token, method_url, params=payload)
  File "C:\Users\User\Desktop\project 33\attendence-and-notification\.venv\lib\site-packages\telebot\apihelper.py", line 168, in _make_request
    json_result = _check_result(method_name, result)
  File "C:\Users\User\Desktop\project 33\attendence-and-notification\.venv\lib\site-packages\telebot\apihelper.py", line 195, in _check_result
    raise ApiTelegramException(method_name, result, result_json)
telebot.apihelper.ApiTelegramException: A request to the Telegram API was unsuccessful. Error code: 409. Description: Conflict: terminated by other getUpdates request; make sure that only one bot instance is running

2024-12-05 20:16:44,792 - TeleBot - ERROR - Threaded polling exception: A request to the Telegram API was unsuccessful. Error code: 409. Description: Conflict: terminated by other getUpdates request; make sure that only one bot instance is running
2024-12-05 20:16:44,792 - TeleBot - ERROR - Exception traceback:
Traceback (most recent call last):
  File "C:\Users\User\Desktop\project 33\attendence-and-notification\.venv\lib\site-packages\telebot\__init__.py", line 1234, in __threaded_polling
    polling_thread.raise_exceptions()
  File "C:\Users\User\Desktop\project 33\attendence-and-notification\.venv\lib\site-packages\telebot\util.py", line 111, in raise_exceptions
    raise self.exception_info
  File "C:\Users\User\Desktop\project 33\attendence-and-notification\.venv\lib\site-packages\telebot\util.py", line 93, in run
    task(*args, **kwargs)
  File "C:\Users\User\Desktop\project 33\attendence-and-notification\.venv\lib\site-packages\telebot\__init__.py", line 688, in __retrieve_updates
    updates = self.get_updates(offset=(self.last_update_id + 1),
  File "C:\Users\User\Desktop\project 33\attendence-and-notification\.venv\lib\site-packages\telebot\__init__.py", line 660, in get_updates
    json_updates = apihelper.get_updates(
  File "C:\Users\User\Desktop\project 33\attendence-and-notification\.venv\lib\site-packages\telebot\apihelper.py", line 332, in get_updates
    return _make_request(token, method_url, params=payload)
  File "C:\Users\User\Desktop\project 33\attendence-and-notification\.venv\lib\site-packages\telebot\apihelper.py", line 168, in _make_request
    json_result = _check_result(method_name, result)
  File "C:\Users\User\Desktop\project 33\attendence-and-notification\.venv\lib\site-packages\telebot\apihelper.py", line 195, in _check_result
    raise ApiTelegramException(method_name, result, result_json)
telebot.apihelper.ApiTelegramException: A request to the Telegram API was unsuccessful. Error code: 409. Description: Conflict: terminated by other getUpdates request; make sure that only one bot instance is running

2024-12-05 20:17:13,972 - django.utils.autoreload - INFO - C:\Users\User\Desktop\project 33\attendence-and-notification\attendence\telegram_bot_updated.py changed, reloading.
2024-12-05 20:17:15,471 - attendence.telegram_bot_updated - INFO - Bot initialized successfully with token
2024-12-05 20:17:15,812 - attendence.telegram_bot_updated - INFO - Bot status check: {'bot_connected': True, 'bot_username': '@notification_softclub_bot', 'bot_name': 'Notification Softclub', 'active_groups_count': 2, 'active_groups': ['Test Bots (ID: -4664539814)', 'BOT TEST (ID: -4539632586)'], 'last_check': '2024-12-05 20:17:15'}
2024-12-05 20:17:15,812 - attendence.telegram_bot_updated - INFO - Bot is ready. Connected as @notification_softclub_bot
2024-12-05 20:17:15,812 - attendence.telegram_bot_updated - INFO - Active groups: 2
2024-12-05 20:17:15,922 - attendence.telegram_bot_updated - INFO - Bot connection test successful! Bot info: Notification Softclub (@notification_softclub_bot)
2024-12-05 20:17:15,922 - attendence.telegram_bot_updated - INFO - Bot is ready to send messages
2024-12-05 20:17:15,922 - attendence.telegram_bot_updated - INFO - Starting Telegram bot...
2024-12-05 20:17:16,039 - TeleBot - ERROR - Break infinity polling
2024-12-05 20:17:16,039 - attendence.telegram_bot_updated - INFO - Telegram bot started successfully!
2024-12-05 20:17:26,727 - django.utils.autoreload - INFO - C:\Users\User\Desktop\project 33\attendence-and-notification\server\settings.py changed, reloading.
2024-12-05 20:17:28,030 - attendence.telegram_bot_updated - INFO - Bot initialized successfully with token
2024-12-05 20:17:28,352 - attendence.telegram_bot_updated - INFO - Bot status check: {'bot_connected': True, 'bot_username': '@notification_softclub_bot', 'bot_name': 'Notification Softclub', 'active_groups_count': 2, 'active_groups': ['Test Bots (ID: -4664539814)', 'BOT TEST (ID: -4539632586)'], 'last_check': '2024-12-05 20:17:28'}
2024-12-05 20:17:28,352 - attendence.telegram_bot_updated - INFO - Bot is ready. Connected as @notification_softclub_bot
2024-12-05 20:17:28,352 - attendence.telegram_bot_updated - INFO - Active groups: 2
2024-12-05 20:17:28,465 - attendence.telegram_bot_updated - INFO - Bot connection test successful! Bot info: Notification Softclub (@notification_softclub_bot)
2024-12-05 20:17:28,466 - attendence.telegram_bot_updated - INFO - Bot is ready to send messages
2024-12-05 20:17:28,467 - attendence.telegram_bot_updated - INFO - Starting Telegram bot...
2024-12-05 20:17:28,572 - TeleBot - ERROR - Break infinity polling
2024-12-05 20:17:28,572 - attendence.telegram_bot_updated - INFO - Telegram bot started successfully!
2024-12-05 20:17:43,229 - attendence.telegram_bot_updated - INFO - Bot initialized successfully with token
2024-12-05 20:17:44,029 - attendence.telegram_bot_updated - INFO - Bot status check: {'bot_connected': True, 'bot_username': '@notification_softclub_bot', 'bot_name': 'Notification Softclub', 'active_groups_count': 2, 'active_groups': ['Test Bots (ID: -4664539814)', 'BOT TEST (ID: -4539632586)'], 'last_check': '2024-12-05 20:17:44'}
2024-12-05 20:17:44,030 - attendence.telegram_bot_updated - INFO - Bot is ready. Connected as @notification_softclub_bot
2024-12-05 20:17:44,030 - attendence.telegram_bot_updated - INFO - Active groups: 2
2024-12-05 20:17:44,144 - attendence.telegram_bot_updated - INFO - Bot connection test successful! Bot info: Notification Softclub (@notification_softclub_bot)
2024-12-05 20:17:44,144 - attendence.telegram_bot_updated - INFO - Bot is ready to send messages
2024-12-05 20:17:44,144 - attendence.telegram_bot_updated - INFO - Starting Telegram bot...
2024-12-05 20:17:44,252 - TeleBot - ERROR - Break infinity polling
2024-12-05 20:17:44,259 - attendence.telegram_bot_updated - INFO - Telegram bot started successfully!
2024-12-05 20:17:44,384 - TeleBot - ERROR - Break infinity polling
2024-12-05 20:18:03,871 - attendence.telegram_bot_updated - INFO - Bot initialized successfully with token
2024-12-05 20:18:04,222 - attendence.telegram_bot_updated - INFO - Bot status check: {'bot_connected': True, 'bot_username': '@notification_softclub_bot', 'bot_name': 'Notification Softclub', 'active_groups_count': 2, 'active_groups': ['Test Bots (ID: -4664539814)', 'BOT TEST (ID: -4539632586)'], 'last_check': '2024-12-05 20:18:04'}
2024-12-05 20:18:04,223 - attendence.telegram_bot_updated - INFO - Bot is ready. Connected as @notification_softclub_bot
2024-12-05 20:18:04,224 - attendence.telegram_bot_updated - INFO - Active groups: 2
2024-12-05 20:18:04,367 - attendence.telegram_bot_updated - INFO - Bot connection test successful! Bot info: Notification Softclub (@notification_softclub_bot)
2024-12-05 20:18:04,367 - attendence.telegram_bot_updated - INFO - Bot is ready to send messages
2024-12-05 20:18:04,367 - attendence.telegram_bot_updated - INFO - Starting Telegram bot...
2024-12-05 20:18:04,489 - TeleBot - ERROR - Break infinity polling
2024-12-05 20:18:04,490 - attendence.telegram_bot_updated - INFO - Telegram bot started successfully!
2024-12-05 20:18:39,054 - attendence.telegram_bot_updated - INFO - Starting to send notification for message ID: 36
2024-12-05 20:18:39,063 - attendence.telegram_bot_updated - INFO - Sending to selected groups. Found 0 groups
2024-12-05 20:18:39,064 - attendence.telegram_bot_updated - WARNING - No target groups found!
2024-12-05 20:18:53,500 - attendence.telegram_bot_updated - INFO - Starting to send notification for message ID: 37
2024-12-05 20:18:53,509 - attendence.telegram_bot_updated - INFO - Sending to all active groups. Found 2 groups
2024-12-05 20:18:53,509 - attendence.telegram_bot_updated - INFO - Attempting to send message to group: Test Bots (ID: -4664539814)
2024-12-05 20:18:53,509 - attendence.telegram_bot_updated - INFO - Sending text message
2024-12-05 20:18:53,870 - attendence.telegram_bot_updated - INFO - Text message sent successfully
2024-12-05 20:18:53,871 - attendence.telegram_bot_updated - INFO - Attempting to send message to group: BOT TEST (ID: -4539632586)
2024-12-05 20:18:53,873 - attendence.telegram_bot_updated - INFO - Sending text message
2024-12-05 20:18:54,015 - attendence.telegram_bot_updated - ERROR - Error sending message to group BOT TEST: A request to the Telegram API was unsuccessful. Error code: 403. Description: Forbidden: the group chat was deleted
2024-12-05 20:18:54,016 - attendence.telegram_bot_updated - INFO - Updating message status to: failed
2024-12-05 20:18:54,025 - attendence.telegram_bot_updated - INFO - Message status updated successfully
2024-12-05 20:19:53,367 - attendence.telegram_bot_updated - INFO - Starting to send notification for message ID: 40
2024-12-05 20:19:53,373 - attendence.telegram_bot_updated - INFO - Sending to all active groups. Found 2 groups
2024-12-05 20:19:53,378 - attendence.telegram_bot_updated - INFO - Attempting to send message to group: Test Bots (ID: -4664539814)
2024-12-05 20:19:53,378 - attendence.telegram_bot_updated - INFO - Sending text message
2024-12-05 20:19:53,591 - attendence.telegram_bot_updated - INFO - Text message sent successfully
2024-12-05 20:19:53,592 - attendence.telegram_bot_updated - INFO - Attempting to send message to group: BOT TEST (ID: -4539632586)
2024-12-05 20:19:53,593 - attendence.telegram_bot_updated - INFO - Sending text message
2024-12-05 20:19:53,703 - attendence.telegram_bot_updated - ERROR - Error sending message to group BOT TEST: A request to the Telegram API was unsuccessful. Error code: 403. Description: Forbidden: the group chat was deleted
2024-12-05 20:19:53,705 - attendence.telegram_bot_updated - INFO - Updating message status to: failed
2024-12-05 20:19:53,712 - attendence.telegram_bot_updated - INFO - Message status updated successfully
2024-12-05 20:20:13,302 - attendence.telegram_bot_updated - INFO - Bot initialized successfully with token
2024-12-05 20:20:13,662 - attendence.telegram_bot_updated - INFO - Bot status check: {'bot_connected': True, 'bot_username': '@notification_softclub_bot', 'bot_name': 'Notification Softclub', 'active_groups_count': 2, 'active_groups': ['Test Bots (ID: -4664539814)', 'BOT TEST (ID: -4539632586)'], 'last_check': '2024-12-05 20:20:13'}
2024-12-05 20:20:13,662 - attendence.telegram_bot_updated - INFO - Bot is ready. Connected as @notification_softclub_bot
2024-12-05 20:20:13,662 - attendence.telegram_bot_updated - INFO - Active groups: 2
2024-12-05 20:20:13,780 - attendence.telegram_bot_updated - INFO - Bot connection test successful! Bot info: Notification Softclub (@notification_softclub_bot)
2024-12-05 20:20:13,780 - attendence.telegram_bot_updated - INFO - Bot is ready to send messages
2024-12-05 20:20:13,780 - attendence.telegram_bot_updated - INFO - Starting Telegram bot...
2024-12-05 20:20:13,902 - TeleBot - ERROR - Break infinity polling
2024-12-05 20:20:13,907 - attendence.telegram_bot_updated - INFO - Telegram bot started successfully!
2024-12-05 20:20:43,191 - django.utils.autoreload - INFO - C:\Users\User\Desktop\project 33\attendence-and-notification\attendence\models.py changed, reloading.
2024-12-05 20:20:43,335 - django.utils.autoreload - INFO - C:\Users\User\Desktop\project 33\attendence-and-notification\attendence\models.py changed, reloading.
2024-12-05 20:20:44,755 - attendence.telegram_bot_updated - INFO - Bot initialized successfully with token
2024-12-05 20:20:45,130 - attendence.telegram_bot_updated - INFO - Bot status check: {'bot_connected': True, 'bot_username': '@notification_softclub_bot', 'bot_name': 'Notification Softclub', 'active_groups_count': 2, 'active_groups': ['Test Bots (ID: -4664539814)', 'BOT TEST (ID: -4539632586)'], 'last_check': '2024-12-05 20:20:45'}
2024-12-05 20:20:45,130 - attendence.telegram_bot_updated - INFO - Bot is ready. Connected as @notification_softclub_bot
2024-12-05 20:20:45,130 - attendence.telegram_bot_updated - INFO - Active groups: 2
2024-12-05 20:20:45,242 - attendence.telegram_bot_updated - INFO - Bot initialized successfully with token
2024-12-05 20:20:45,282 - attendence.telegram_bot_updated - INFO - Bot connection test successful! Bot info: Notification Softclub (@notification_softclub_bot)
2024-12-05 20:20:45,284 - attendence.telegram_bot_updated - INFO - Bot is ready to send messages
2024-12-05 20:20:45,284 - attendence.telegram_bot_updated - INFO - Starting Telegram bot...
2024-12-05 20:20:45,444 - TeleBot - ERROR - Break infinity polling
2024-12-05 20:20:45,444 - attendence.telegram_bot_updated - INFO - Telegram bot started successfully!
2024-12-05 20:20:45,591 - attendence.telegram_bot_updated - INFO - Bot status check: {'bot_connected': True, 'bot_username': '@notification_softclub_bot', 'bot_name': 'Notification Softclub', 'active_groups_count': 2, 'active_groups': ['Test Bots (ID: -4664539814)', 'BOT TEST (ID: -4539632586)'], 'last_check': '2024-12-05 20:20:45'}
2024-12-05 20:20:45,591 - attendence.telegram_bot_updated - INFO - Bot is ready. Connected as @notification_softclub_bot
2024-12-05 20:20:45,591 - attendence.telegram_bot_updated - INFO - Active groups: 2
2024-12-05 20:20:45,718 - attendence.telegram_bot_updated - INFO - Bot connection test successful! Bot info: Notification Softclub (@notification_softclub_bot)
2024-12-05 20:20:45,718 - attendence.telegram_bot_updated - INFO - Bot is ready to send messages
2024-12-05 20:20:45,718 - attendence.telegram_bot_updated - INFO - Starting Telegram bot...
2024-12-05 20:20:45,828 - TeleBot - ERROR - Break infinity polling
2024-12-05 20:20:45,830 - attendence.telegram_bot_updated - INFO - Telegram bot started successfully!
2024-12-05 20:21:58,612 - attendence.telegram_bot_updated - INFO - Bot initialized successfully with token
2024-12-05 20:21:59,283 - attendence.telegram_bot_updated - INFO - Bot status check: {'bot_connected': True, 'bot_username': '@notification_softclub_bot', 'bot_name': 'Notification Softclub', 'active_groups_count': 2, 'active_groups': ['Test Bots (ID: -4664539814)', 'BOT TEST (ID: -4539632586)'], 'last_check': '2024-12-05 20:21:59'}
2024-12-05 20:21:59,283 - attendence.telegram_bot_updated - INFO - Bot is ready. Connected as @notification_softclub_bot
2024-12-05 20:21:59,283 - attendence.telegram_bot_updated - INFO - Active groups: 2
2024-12-05 20:21:59,402 - attendence.telegram_bot_updated - INFO - Bot connection test successful! Bot info: Notification Softclub (@notification_softclub_bot)
2024-12-05 20:21:59,402 - attendence.telegram_bot_updated - INFO - Bot is ready to send messages
2024-12-05 20:21:59,402 - attendence.telegram_bot_updated - INFO - Starting Telegram bot...
2024-12-05 20:21:59,502 - TeleBot - ERROR - Break infinity polling
2024-12-05 20:21:59,510 - attendence.telegram_bot_updated - INFO - Telegram bot started successfully!
2024-12-05 20:22:08,093 - attendence.telegram_bot_updated - INFO - Bot initialized successfully with token
2024-12-05 20:22:08,430 - attendence.telegram_bot_updated - INFO - Bot status check: {'bot_connected': True, 'bot_username': '@notification_softclub_bot', 'bot_name': 'Notification Softclub', 'active_groups_count': 2, 'active_groups': ['Test Bots (ID: -4664539814)', 'BOT TEST (ID: -4539632586)'], 'last_check': '2024-12-05 20:22:08'}
2024-12-05 20:22:08,430 - attendence.telegram_bot_updated - INFO - Bot is ready. Connected as @notification_softclub_bot
2024-12-05 20:22:08,433 - attendence.telegram_bot_updated - INFO - Active groups: 2
2024-12-05 20:22:08,549 - attendence.telegram_bot_updated - INFO - Bot connection test successful! Bot info: Notification Softclub (@notification_softclub_bot)
2024-12-05 20:22:08,549 - attendence.telegram_bot_updated - INFO - Bot is ready to send messages
2024-12-05 20:22:08,549 - attendence.telegram_bot_updated - INFO - Starting Telegram bot...
2024-12-05 20:22:08,702 - TeleBot - ERROR - Break infinity polling
2024-12-05 20:22:08,702 - attendence.telegram_bot_updated - INFO - Telegram bot started successfully!
2024-12-05 20:22:27,270 - attendence.telegram_bot_updated - INFO - Starting to send notification for message ID: 42
2024-12-05 20:22:27,272 - attendence.telegram_bot_updated - INFO - Sending to selected groups. Found 2 groups
2024-12-05 20:22:27,272 - attendence.telegram_bot_updated - INFO - Attempting to send message to group: Test Bots (ID: -4664539814)
2024-12-05 20:22:27,272 - attendence.telegram_bot_updated - INFO - Sending text message
2024-12-05 20:22:27,691 - attendence.telegram_bot_updated - INFO - Text message sent successfully
2024-12-05 20:22:27,692 - attendence.telegram_bot_updated - INFO - Attempting to send message to group: BOT TEST (ID: -4539632586)
2024-12-05 20:22:27,694 - attendence.telegram_bot_updated - INFO - Sending text message
2024-12-05 20:22:27,991 - attendence.telegram_bot_updated - ERROR - Error sending message to group BOT TEST: A request to the Telegram API was unsuccessful. Error code: 403. Description: Forbidden: the group chat was deleted
2024-12-05 20:22:27,993 - attendence.telegram_bot_updated - INFO - Updating message status to: failed
2024-12-05 20:22:27,999 - attendence.telegram_bot_updated - INFO - Message status updated successfully
2024-12-05 20:22:34,745 - attendence.telegram_bot_updated - INFO - Starting to send notification for message ID: 43
2024-12-05 20:22:34,752 - attendence.telegram_bot_updated - INFO - Sending to selected groups. Found 1 groups
2024-12-05 20:22:34,759 - attendence.telegram_bot_updated - INFO - Attempting to send message to group: Test Bots (ID: -4664539814)
2024-12-05 20:22:34,760 - attendence.telegram_bot_updated - INFO - Sending text message
2024-12-05 20:22:34,912 - attendence.telegram_bot_updated - INFO - Text message sent successfully
2024-12-05 20:22:34,912 - attendence.telegram_bot_updated - INFO - Updating message status to: sent
2024-12-05 20:22:34,926 - attendence.telegram_bot_updated - INFO - Message status updated successfully
2024-12-05 20:23:23,367 - attendence.telegram_bot_updated - INFO - Starting to send notification for message ID: 44
2024-12-05 20:23:23,374 - attendence.telegram_bot_updated - INFO - Sending to selected groups. Found 1 groups
2024-12-05 20:23:23,376 - attendence.telegram_bot_updated - INFO - Attempting to send message to group: Test Bots (ID: -4664539814)
2024-12-05 20:23:23,376 - attendence.telegram_bot_updated - INFO - Sending image: C:\Users\User\Desktop\project 33\attendence-and-notification\static\images\photo_2024-12-05_15-08-59-transformed_ygJUUAc.jpeg
2024-12-05 20:23:24,358 - attendence.telegram_bot_updated - INFO - Image sent successfully
2024-12-05 20:23:24,359 - attendence.telegram_bot_updated - INFO - Updating message status to: sent
2024-12-05 20:23:24,362 - attendence.telegram_bot_updated - INFO - Message status updated successfully
2024-12-05 20:23:46,021 - attendence.telegram_bot_updated - INFO - Bot initialized successfully with token
2024-12-05 20:23:46,365 - attendence.telegram_bot_updated - INFO - Bot status check: {'bot_connected': True, 'bot_username': '@notification_softclub_bot', 'bot_name': 'Notification Softclub', 'active_groups_count': 2, 'active_groups': ['Test Bots (ID: -4664539814)', 'BOT TEST (ID: -4539632586)'], 'last_check': '2024-12-05 20:23:46'}
2024-12-05 20:23:46,366 - attendence.telegram_bot_updated - INFO - Bot is ready. Connected as @notification_softclub_bot
2024-12-05 20:23:46,366 - attendence.telegram_bot_updated - INFO - Active groups: 2
2024-12-05 20:23:46,492 - attendence.telegram_bot_updated - INFO - Bot connection test successful! Bot info: Notification Softclub (@notification_softclub_bot)
2024-12-05 20:23:46,492 - attendence.telegram_bot_updated - INFO - Bot is ready to send messages
2024-12-05 20:23:46,494 - attendence.telegram_bot_updated - INFO - Starting Telegram bot...
2024-12-05 20:23:46,614 - TeleBot - ERROR - Break infinity polling
2024-12-05 20:23:46,615 - attendence.telegram_bot_updated - INFO - Telegram bot started successfully!
2024-12-05 20:25:29,651 - attendence.telegram_bot_updated - INFO - Starting to send notification for message ID: 45
2024-12-05 20:25:29,654 - attendence.telegram_bot_updated - INFO - Sending to selected groups. Found 1 groups
2024-12-05 20:25:29,654 - attendence.telegram_bot_updated - INFO - Attempting to send message to group: Test Bots (ID: -4664539814)
2024-12-05 20:25:29,662 - attendence.telegram_bot_updated - INFO - Sending text message
2024-12-05 20:25:30,266 - attendence.telegram_bot_updated - INFO - Text message sent successfully
2024-12-05 20:25:30,266 - attendence.telegram_bot_updated - INFO - Updating message status to: sent
2024-12-05 20:25:30,275 - attendence.telegram_bot_updated - INFO - Message status updated successfully
2024-12-05 21:38:03,390 - django.request - WARNING - Not Found: /favicon.ico
2024-12-05 21:44:25,911 - attendence.telegram_bot_updated - INFO - Starting to send notification for message ID: 46
2024-12-05 21:44:25,928 - attendence.telegram_bot_updated - INFO - Sending to selected groups. Found 0 groups
2024-12-05 21:44:25,928 - attendence.telegram_bot_updated - WARNING - No target groups found!
2024-12-05 21:44:48,031 - attendence.telegram_bot_updated - INFO - Starting to send notification for message ID: 47
2024-12-05 21:44:48,031 - attendence.telegram_bot_updated - INFO - Sending to selected groups. Found 1 groups
2024-12-05 21:44:48,036 - attendence.telegram_bot_updated - INFO - Attempting to send message to group: Test Bots (ID: -4664539814)
2024-12-05 21:44:48,036 - attendence.telegram_bot_updated - INFO - Sending text message
2024-12-05 21:44:49,337 - attendence.telegram_bot_updated - INFO - Text message sent successfully
2024-12-05 21:44:49,337 - attendence.telegram_bot_updated - INFO - Updating message status to: sent
2024-12-05 21:44:49,425 - attendence.telegram_bot_updated - INFO - Message status updated successfully
2024-12-06 12:00:35,158 - django.request - WARNING - Not Found: /favicon.ico
2024-12-06 12:03:10,430 - attendence.telegram_bot_updated - INFO - Starting to send notification for message ID: 48
2024-12-06 12:03:10,435 - attendence.telegram_bot_updated - INFO - Sending to selected groups. Found 0 groups
2024-12-06 12:03:10,439 - attendence.telegram_bot_updated - WARNING - No target groups found!
2024-12-06 12:03:17,787 - attendence.telegram_bot_updated - INFO - Starting to send notification for message ID: 49
2024-12-06 12:03:17,795 - attendence.telegram_bot_updated - INFO - Sending to all active groups. Found 2 groups
2024-12-06 12:03:17,796 - attendence.telegram_bot_updated - INFO - Attempting to send message to group: Test Bots (ID: -4664539814)
2024-12-06 12:03:17,796 - attendence.telegram_bot_updated - INFO - Sending text message
2024-12-06 12:03:19,235 - attendence.telegram_bot_updated - INFO - Starting to send notification for message ID: 50
2024-12-06 12:03:19,245 - attendence.telegram_bot_updated - INFO - Sending to all active groups. Found 2 groups
2024-12-06 12:03:19,246 - attendence.telegram_bot_updated - INFO - Attempting to send message to group: Test Bots (ID: -4664539814)
2024-12-06 12:03:19,246 - attendence.telegram_bot_updated - INFO - Sending text message
2024-12-06 12:03:26,852 - attendence.telegram_bot_updated - INFO - Starting to send notification for message ID: 51
2024-12-06 12:03:26,856 - attendence.telegram_bot_updated - INFO - Sending to selected groups. Found 1 groups
2024-12-06 12:03:26,861 - attendence.telegram_bot_updated - INFO - Attempting to send message to group: Test Bots (ID: -4664539814)
2024-12-06 12:03:26,861 - attendence.telegram_bot_updated - INFO - Sending text message
2024-12-06 12:03:28,428 - attendence.telegram_bot_updated - INFO - Starting to send notification for message ID: 52
2024-12-06 12:03:28,430 - attendence.telegram_bot_updated - INFO - Sending to selected groups. Found 1 groups
2024-12-06 12:03:28,431 - attendence.telegram_bot_updated - INFO - Attempting to send message to group: Test Bots (ID: -4664539814)
2024-12-06 12:03:28,432 - attendence.telegram_bot_updated - INFO - Sending text message
2024-12-06 12:03:28,629 - attendence.telegram_bot_updated - INFO - Starting to send notification for message ID: 53
2024-12-06 12:03:28,644 - attendence.telegram_bot_updated - INFO - Sending to selected groups. Found 1 groups
2024-12-06 12:03:28,647 - attendence.telegram_bot_updated - INFO - Attempting to send message to group: Test Bots (ID: -4664539814)
2024-12-06 12:03:28,647 - attendence.telegram_bot_updated - INFO - Sending text message
2024-12-06 12:03:28,849 - attendence.telegram_bot_updated - INFO - Starting to send notification for message ID: 54
2024-12-06 12:03:28,851 - attendence.telegram_bot_updated - INFO - Sending to selected groups. Found 1 groups
2024-12-06 12:03:28,858 - attendence.telegram_bot_updated - INFO - Attempting to send message to group: Test Bots (ID: -4664539814)
2024-12-06 12:03:28,859 - attendence.telegram_bot_updated - INFO - Sending text message
2024-12-06 12:03:31,084 - attendence.telegram_bot_updated - INFO - Text message sent successfully
2024-12-06 12:03:31,084 - attendence.telegram_bot_updated - INFO - Attempting to send message to group: BOT TEST (ID: -4539632586)
2024-12-06 12:03:31,084 - attendence.telegram_bot_updated - INFO - Sending text message
2024-12-06 12:03:31,630 - attendence.telegram_bot_updated - INFO - Text message sent successfully
2024-12-06 12:03:31,631 - attendence.telegram_bot_updated - INFO - Attempting to send message to group: BOT TEST (ID: -4539632586)
2024-12-06 12:03:31,631 - attendence.telegram_bot_updated - INFO - Sending text message
2024-12-06 12:03:34,880 - attendence.telegram_bot_updated - ERROR - Error sending message to group BOT TEST: A request to the Telegram API was unsuccessful. Error code: 403. Description: Forbidden: the group chat was deleted
2024-12-06 12:03:34,880 - attendence.telegram_bot_updated - INFO - Updating message status to: failed
2024-12-06 12:03:34,882 - attendence.telegram_bot_updated - INFO - Message status updated successfully
2024-12-06 12:03:35,337 - attendence.telegram_bot_updated - ERROR - Error sending message to group BOT TEST: A request to the Telegram API was unsuccessful. Error code: 403. Description: Forbidden: the group chat was deleted
2024-12-06 12:03:35,338 - attendence.telegram_bot_updated - INFO - Updating message status to: failed
2024-12-06 12:03:35,345 - attendence.telegram_bot_updated - INFO - Message status updated successfully
2024-12-06 12:03:37,960 - attendence.telegram_bot_updated - INFO - Text message sent successfully
2024-12-06 12:03:37,960 - attendence.telegram_bot_updated - INFO - Updating message status to: sent
2024-12-06 12:03:37,963 - attendence.telegram_bot_updated - INFO - Message status updated successfully
2024-12-06 12:03:40,302 - attendence.telegram_bot_updated - INFO - Text message sent successfully
2024-12-06 12:03:40,303 - attendence.telegram_bot_updated - INFO - Updating message status to: sent
2024-12-06 12:03:40,306 - attendence.telegram_bot_updated - INFO - Message status updated successfully
2024-12-06 12:03:43,458 - attendence.telegram_bot_updated - INFO - Text message sent successfully
2024-12-06 12:03:43,459 - attendence.telegram_bot_updated - INFO - Updating message status to: sent
2024-12-06 12:03:43,462 - attendence.telegram_bot_updated - INFO - Message status updated successfully
2024-12-06 12:03:43,968 - attendence.telegram_bot_updated - INFO - Text message sent successfully
2024-12-06 12:03:43,969 - attendence.telegram_bot_updated - INFO - Updating message status to: sent
2024-12-06 12:03:43,972 - attendence.telegram_bot_updated - INFO - Message status updated successfully
2024-12-06 12:04:40,363 - attendence.telegram_bot_updated - INFO - Starting to send notification for message ID: 55
2024-12-06 12:04:40,365 - attendence.telegram_bot_updated - INFO - Sending to all active groups. Found 2 groups
2024-12-06 12:04:40,365 - attendence.telegram_bot_updated - INFO - Attempting to send message to group: Test Bots (ID: -4664539814)
2024-12-06 12:04:40,365 - attendence.telegram_bot_updated - INFO - Sending text message
2024-12-06 12:04:40,708 - attendence.telegram_bot_updated - INFO - Text message sent successfully
2024-12-06 12:04:40,709 - attendence.telegram_bot_updated - INFO - Attempting to send message to group: BOT TEST (ID: -4539632586)
2024-12-06 12:04:40,709 - attendence.telegram_bot_updated - INFO - Sending text message
2024-12-06 12:04:40,964 - attendence.telegram_bot_updated - ERROR - Error sending message to group BOT TEST: A request to the Telegram API was unsuccessful. Error code: 403. Description: Forbidden: the group chat was deleted
2024-12-06 12:04:40,964 - attendence.telegram_bot_updated - INFO - Updating message status to: failed
2024-12-06 12:04:40,967 - attendence.telegram_bot_updated - INFO - Message status updated successfully
2024-12-06 12:41:06,711 - attendence.telegram_bot_updated - INFO - Bot initialized successfully with token
2024-12-06 12:41:06,727 - attendence.telegram_bot_updated - ERROR - Bot status check failed: {'bot_connected': False, 'error': 'HTTPSConnectionPool(host=\'api.telegram.org\', port=443): Max retries exceeded with url: /bot7592559575:AAF4Ygn6tgloPwlf6JW22LP6-3ORZkxQvk4/getMe (Caused by NameResolutionError("<urllib3.connection.HTTPSConnection object at 0x000001C5FF4039D0>: Failed to resolve \'api.telegram.org\' ([Errno 11001] getaddrinfo failed)"))', 'last_check': '2024-12-06 12:41:06'}
2024-12-06 12:41:06,727 - attendence.telegram_bot_updated - ERROR - Bot is not connected!
2024-12-06 12:41:06,730 - attendence.telegram_bot_updated - ERROR - Bot connection test failed: HTTPSConnectionPool(host='api.telegram.org', port=443): Max retries exceeded with url: /bot7592559575:AAF4Ygn6tgloPwlf6JW22LP6-3ORZkxQvk4/getMe (Caused by NameResolutionError("<urllib3.connection.HTTPSConnection object at 0x000001C5FF403D30>: Failed to resolve 'api.telegram.org' ([Errno 11001] getaddrinfo failed)"))
2024-12-06 12:41:06,731 - attendence.telegram_bot_updated - ERROR - Bot failed connection test!
2024-12-06 12:41:06,731 - attendence.telegram_bot_updated - INFO - Starting Telegram bot...
2024-12-06 12:41:06,733 - attendence.telegram_bot_updated - ERROR - Error starting bot: HTTPSConnectionPool(host='api.telegram.org', port=443): Max retries exceeded with url: /bot7592559575:AAF4Ygn6tgloPwlf6JW22LP6-3ORZkxQvk4/setWebhook?url= (Caused by NameResolutionError("<urllib3.connection.HTTPSConnection object at 0x000001C5FF41D1C0>: Failed to resolve 'api.telegram.org' ([Errno 11001] getaddrinfo failed)"))
2024-12-06 12:41:06,736 - attendence.telegram_bot_updated - INFO - Bot initialized successfully with token
2024-12-06 12:41:06,746 - attendence.telegram_bot_updated - ERROR - Bot status check failed: {'bot_connected': False, 'error': 'HTTPSConnectionPool(host=\'api.telegram.org\', port=443): Max retries exceeded with url: /bot7592559575:AAF4Ygn6tgloPwlf6JW22LP6-3ORZkxQvk4/getMe (Caused by NameResolutionError("<urllib3.connection.HTTPSConnection object at 0x000001C5FF426FD0>: Failed to resolve \'api.telegram.org\' ([Errno 11001] getaddrinfo failed)"))', 'last_check': '2024-12-06 12:41:06'}
2024-12-06 12:41:06,749 - attendence.telegram_bot_updated - ERROR - Bot is not connected!
2024-12-06 12:41:06,752 - attendence.telegram_bot_updated - ERROR - Bot connection test failed: HTTPSConnectionPool(host='api.telegram.org', port=443): Max retries exceeded with url: /bot7592559575:AAF4Ygn6tgloPwlf6JW22LP6-3ORZkxQvk4/getMe (Caused by NameResolutionError("<urllib3.connection.HTTPSConnection object at 0x000001C5FF426F40>: Failed to resolve 'api.telegram.org' ([Errno 11001] getaddrinfo failed)"))
2024-12-06 12:41:06,752 - attendence.telegram_bot_updated - ERROR - Bot failed connection test!
2024-12-06 12:41:06,752 - attendence.telegram_bot_updated - INFO - Starting Telegram bot...
2024-12-06 12:41:06,752 - attendence.telegram_bot_updated - ERROR - Error starting bot: HTTPSConnectionPool(host='api.telegram.org', port=443): Max retries exceeded with url: /bot7592559575:AAF4Ygn6tgloPwlf6JW22LP6-3ORZkxQvk4/setWebhook?url= (Caused by NameResolutionError("<urllib3.connection.HTTPSConnection object at 0x000001C5FF42D4C0>: Failed to resolve 'api.telegram.org' ([Errno 11001] getaddrinfo failed)"))
2024-12-06 12:41:39,577 - attendence.telegram_bot_updated - INFO - Bot initialized successfully with token
2024-12-06 12:41:51,043 - attendence.telegram_bot_updated - INFO - Bot status check: {'bot_connected': True, 'bot_username': '@notification_softclub_bot', 'bot_name': 'Notification Softclub', 'active_groups_count': 2, 'active_groups': ['Test Bots (ID: -4664539814)', 'BOT TEST (ID: -4539632586)'], 'last_check': '2024-12-06 12:41:51'}
2024-12-06 12:41:51,043 - attendence.telegram_bot_updated - INFO - Bot is ready. Connected as @notification_softclub_bot
2024-12-06 12:41:51,043 - attendence.telegram_bot_updated - INFO - Active groups: 2
2024-12-06 12:41:52,684 - attendence.telegram_bot_updated - INFO - Bot connection test successful! Bot info: Notification Softclub (@notification_softclub_bot)
2024-12-06 12:41:52,684 - attendence.telegram_bot_updated - INFO - Bot is ready to send messages
2024-12-06 12:41:52,684 - attendence.telegram_bot_updated - INFO - Starting Telegram bot...
2024-12-06 12:41:53,587 - TeleBot - ERROR - Break infinity polling
2024-12-06 12:41:53,587 - attendence.telegram_bot_updated - INFO - Telegram bot started successfully!
2024-12-06 12:41:58,941 - django.request - WARNING - Not Found: /favicon.ico
2024-12-06 12:43:07,967 - django.utils.autoreload - INFO - C:\Users\User\Desktop\project 33\attendence-and-notification\attendence\telegram_bot_updated.py changed, reloading.
2024-12-06 12:43:09,187 - attendence.telegram_bot_updated - INFO - Bot initialized successfully with token
2024-12-06 12:43:09,767 - attendence.telegram_bot_updated - INFO - Bot status check: {'bot_connected': True, 'bot_username': '@notification_softclub_bot', 'bot_name': 'Notification Softclub', 'active_groups_count': 2, 'active_groups': ['Test Bots (ID: -4664539814)', 'BOT TEST (ID: -4539632586)'], 'last_check': '2024-12-06 12:43:09'}
2024-12-06 12:43:09,767 - attendence.telegram_bot_updated - INFO - Bot is ready. Connected as @notification_softclub_bot
2024-12-06 12:43:09,767 - attendence.telegram_bot_updated - INFO - Active groups: 2
2024-12-06 12:43:09,901 - attendence.telegram_bot_updated - INFO - Bot connection test successful! Bot info: Notification Softclub (@notification_softclub_bot)
2024-12-06 12:43:09,901 - attendence.telegram_bot_updated - INFO - Bot is ready to send messages
2024-12-06 12:43:09,901 - attendence.telegram_bot_updated - INFO - Starting Telegram bot...
2024-12-06 12:43:10,068 - TeleBot - ERROR - Break infinity polling
2024-12-06 12:43:10,083 - attendence.telegram_bot_updated - INFO - Telegram bot started successfully!
2024-12-06 12:44:16,589 - django.utils.autoreload - INFO - C:\Users\User\Desktop\project 33\attendence-and-notification\attendence\admin.py changed, reloading.
2024-12-06 12:44:24,172 - attendence.telegram_bot_updated - INFO - Bot initialized successfully with token
2024-12-06 12:44:24,774 - attendence.telegram_bot_updated - INFO - Bot status check: {'bot_connected': True, 'bot_username': '@notification_softclub_bot', 'bot_name': 'Notification Softclub', 'active_groups_count': 2, 'active_groups': ['Test Bots (ID: -4664539814)', 'BOT TEST (ID: -4539632586)'], 'last_check': '2024-12-06 12:44:24'}
2024-12-06 12:44:24,774 - attendence.telegram_bot_updated - INFO - Bot is ready. Connected as @notification_softclub_bot
2024-12-06 12:44:24,774 - attendence.telegram_bot_updated - INFO - Active groups: 2
2024-12-06 12:44:24,959 - attendence.telegram_bot_updated - INFO - Bot connection test successful! Bot info: Notification Softclub (@notification_softclub_bot)
2024-12-06 12:44:24,959 - attendence.telegram_bot_updated - INFO - Bot is ready to send messages
2024-12-06 12:44:24,959 - attendence.telegram_bot_updated - INFO - Starting Telegram bot...
2024-12-06 12:44:25,097 - TeleBot - ERROR - Break infinity polling
2024-12-06 12:44:25,113 - attendence.telegram_bot_updated - INFO - Telegram bot started successfully!
2024-12-06 12:44:32,280 - attendence.telegram_bot_updated - INFO - Bot initialized successfully with token
2024-12-06 12:44:32,751 - attendence.telegram_bot_updated - INFO - Bot status check: {'bot_connected': True, 'bot_username': '@notification_softclub_bot', 'bot_name': 'Notification Softclub', 'active_groups_count': 2, 'active_groups': ['Test Bots (ID: -4664539814)', 'BOT TEST (ID: -4539632586)'], 'last_check': '2024-12-06 12:44:32'}
2024-12-06 12:44:32,751 - attendence.telegram_bot_updated - INFO - Bot is ready. Connected as @notification_softclub_bot
2024-12-06 12:44:32,751 - attendence.telegram_bot_updated - INFO - Active groups: 2
2024-12-06 12:44:32,898 - attendence.telegram_bot_updated - INFO - Bot connection test successful! Bot info: Notification Softclub (@notification_softclub_bot)
2024-12-06 12:44:32,913 - attendence.telegram_bot_updated - INFO - Bot is ready to send messages
2024-12-06 12:44:32,913 - attendence.telegram_bot_updated - INFO - Starting Telegram bot...
2024-12-06 12:44:33,037 - TeleBot - ERROR - Break infinity polling
2024-12-06 12:44:33,037 - attendence.telegram_bot_updated - INFO - Telegram bot started successfully!
2024-12-06 12:47:17,266 - attendence.telegram_bot_updated - INFO - Bot initialized successfully with token
2024-12-06 12:47:33,215 - attendence.telegram_bot_updated - INFO - Bot status check: {'bot_connected': True, 'bot_username': '@notification_softclub_bot', 'bot_name': 'Notification Softclub', 'active_groups_count': 2, 'active_groups': ['Test Bots (ID: -4664539814)', 'BOT TEST (ID: -4539632586)'], 'last_check': '2024-12-06 12:47:33'}
2024-12-06 12:47:33,216 - attendence.telegram_bot_updated - INFO - Bot is ready. Connected as @notification_softclub_bot
2024-12-06 12:47:33,216 - attendence.telegram_bot_updated - INFO - Active groups: 2
2024-12-06 12:47:33,476 - attendence.telegram_bot_updated - INFO - Bot connection test successful! Bot info: Notification Softclub (@notification_softclub_bot)
2024-12-06 12:47:33,476 - attendence.telegram_bot_updated - INFO - Bot is ready to send messages
2024-12-06 12:47:33,477 - attendence.telegram_bot_updated - INFO - Starting Telegram bot...
2024-12-06 12:47:33,650 - TeleBot - ERROR - Break infinity polling
2024-12-06 12:47:33,651 - attendence.telegram_bot_updated - INFO - Telegram bot started successfully!
2024-12-06 12:47:33,808 - TeleBot - ERROR - Break infinity polling
2024-12-06 12:48:56,127 - attendence.telegram_bot_updated - INFO - Bot initialized successfully with token
2024-12-06 12:49:07,687 - attendence.telegram_bot_updated - INFO - Bot status check: {'bot_connected': True, 'bot_username': '@notification_softclub_bot', 'bot_name': 'Notification Softclub', 'active_groups_count': 2, 'active_groups': ['Test Bots (ID: -4664539814)', 'BOT TEST (ID: -4539632586)'], 'last_check': '2024-12-06 12:49:07'}
2024-12-06 12:49:07,687 - attendence.telegram_bot_updated - INFO - Bot is ready. Connected as @notification_softclub_bot
2024-12-06 12:49:07,687 - attendence.telegram_bot_updated - INFO - Active groups: 2
2024-12-06 12:49:09,109 - attendence.telegram_bot_updated - INFO - Bot connection test successful! Bot info: Notification Softclub (@notification_softclub_bot)
2024-12-06 12:49:09,109 - attendence.telegram_bot_updated - INFO - Bot is ready to send messages
2024-12-06 12:49:09,109 - attendence.telegram_bot_updated - INFO - Starting Telegram bot...
2024-12-06 12:49:11,578 - TeleBot - ERROR - Break infinity polling
2024-12-06 12:49:11,578 - attendence.telegram_bot_updated - INFO - Telegram bot started successfully!
2024-12-06 12:49:11,712 - TeleBot - ERROR - Break infinity polling
2024-12-06 12:51:41,297 - django.utils.autoreload - INFO - C:\Users\User\Desktop\project 33\attendence-and-notification\attendence\telegram_bot_updated.py changed, reloading.
2024-12-06 12:51:42,478 - attendence.telegram_bot_updated - INFO - Bot initialized successfully with token
2024-12-06 12:51:43,544 - attendence.telegram_bot_updated - INFO - Bot status check: {'bot_connected': True, 'bot_username': '@notification_softclub_bot', 'bot_name': 'Notification Softclub', 'active_groups_count': 2, 'active_groups': ['Test Bots (ID: -4664539814)', 'BOT TEST (ID: -4539632586)'], 'last_check': '2024-12-06 12:51:43'}
2024-12-06 12:51:43,544 - attendence.telegram_bot_updated - INFO - Bot is ready. Connected as @notification_softclub_bot
2024-12-06 12:51:43,544 - attendence.telegram_bot_updated - INFO - Active groups: 2
2024-12-06 12:51:44,300 - attendence.telegram_bot_updated - INFO - Bot connection test successful! Bot info: Notification Softclub (@notification_softclub_bot)
2024-12-06 12:51:44,300 - attendence.telegram_bot_updated - INFO - Bot is ready to send messages
2024-12-06 12:51:44,300 - attendence.telegram_bot_updated - INFO - Starting Telegram bot...
2024-12-06 12:51:44,644 - TeleBot - ERROR - Break infinity polling
2024-12-06 12:51:44,644 - attendence.telegram_bot_updated - INFO - Telegram bot started successfully!
2024-12-06 12:51:45,962 - django.utils.autoreload - INFO - C:\Users\User\Desktop\project 33\attendence-and-notification\attendence\telegram_bot_updated.py changed, reloading.
2024-12-06 12:52:40,394 - attendence.telegram_bot_updated - INFO - Bot initialized successfully with token
2024-12-06 12:52:57,043 - attendence.telegram_bot_updated - INFO - Bot status check: {'bot_connected': True, 'bot_username': '@notification_softclub_bot', 'bot_name': 'Notification Softclub', 'active_groups_count': 2, 'active_groups': ['Test Bots (ID: -4664539814)', 'BOT TEST (ID: -4539632586)'], 'last_check': '2024-12-06 12:52:57'}
2024-12-06 12:52:57,043 - attendence.telegram_bot_updated - INFO - Bot is ready. Connected as @notification_softclub_bot
2024-12-06 12:52:57,043 - attendence.telegram_bot_updated - INFO - Active groups: 2
2024-12-06 12:53:05,754 - attendence.telegram_bot_updated - INFO - Bot connection test successful! Bot info: Notification Softclub (@notification_softclub_bot)
2024-12-06 12:53:05,755 - attendence.telegram_bot_updated - INFO - Bot is ready to send messages
2024-12-06 12:53:05,756 - attendence.telegram_bot_updated - INFO - Starting Telegram bot...
2024-12-06 12:53:08,970 - TeleBot - ERROR - Break infinity polling
2024-12-06 12:53:08,970 - attendence.telegram_bot_updated - INFO - Telegram bot started successfully!
2024-12-06 15:31:04,472 - attendence.telegram_bot_updated - INFO - Bot initialized successfully with token
2024-12-06 15:31:05,187 - attendence.telegram_bot_updated - INFO - Bot status check: {'bot_connected': True, 'bot_username': '@notification_softclub_bot', 'bot_name': 'Notification Softclub', 'active_groups_count': 2, 'active_groups': ['Test Bots (ID: -4664539814)', 'BOT TEST (ID: -4539632586)'], 'last_check': '2024-12-06 15:31:05'}
2024-12-06 15:31:05,189 - attendence.telegram_bot_updated - INFO - Bot is ready. Connected as @notification_softclub_bot
2024-12-06 15:31:05,190 - attendence.telegram_bot_updated - INFO - Active groups: 2
2024-12-06 15:31:05,379 - attendence.telegram_bot_updated - INFO - Bot connection test successful! Bot info: Notification Softclub (@notification_softclub_bot)
2024-12-06 15:31:05,380 - attendence.telegram_bot_updated - INFO - Bot is ready to send messages
2024-12-06 15:31:05,381 - attendence.telegram_bot_updated - INFO - Starting Telegram bot...
2024-12-06 15:31:05,686 - TeleBot - ERROR - Break infinity polling
2024-12-06 15:31:05,688 - attendence.telegram_bot_updated - INFO - Telegram bot started successfully!
2024-12-06 15:31:28,735 - django.request - WARNING - Not Found: /favicon.ico
2024-12-06 15:31:33,996 - attendence.telegram_bot_updated - INFO - Starting to send notification for message ID: 56
2024-12-06 15:31:34,002 - attendence.telegram_bot_updated - INFO - Sending to selected groups. Found 1 groups
2024-12-06 15:31:34,007 - attendence.telegram_bot_updated - INFO - Attempting to send message to group: Test Bots (ID: -4664539814)
2024-12-06 15:31:34,011 - attendence.telegram_bot_updated - INFO - Sending text message
2024-12-06 15:31:34,707 - attendence.telegram_bot_updated - INFO - Text message sent successfully
2024-12-06 15:31:34,718 - attendence.telegram_bot_updated - INFO - Updating message status to: sent
2024-12-06 15:31:34,805 - attendence.telegram_bot_updated - INFO - Message status updated successfully
2024-12-06 15:33:03,145 - attendence.telegram_bot_updated - INFO - Starting to send notification for message ID: 57
2024-12-06 15:33:03,165 - attendence.telegram_bot_updated - INFO - Sending to selected groups. Found 0 groups
2024-12-06 15:33:03,174 - attendence.telegram_bot_updated - WARNING - No target groups found!
2024-12-06 15:33:14,516 - attendence.telegram_bot_updated - INFO - Starting to send notification for message ID: 58
2024-12-06 15:33:14,521 - attendence.telegram_bot_updated - INFO - Sending to selected groups. Found 1 groups
2024-12-06 15:33:14,531 - attendence.telegram_bot_updated - INFO - Attempting to send message to group: Test Bots (ID: -4664539814)
2024-12-06 15:33:14,532 - attendence.telegram_bot_updated - INFO - Sending text message
2024-12-06 15:33:14,816 - attendence.telegram_bot_updated - INFO - Text message sent successfully
2024-12-06 15:33:14,818 - attendence.telegram_bot_updated - INFO - Updating message status to: sent
2024-12-06 15:33:14,826 - attendence.telegram_bot_updated - INFO - Message status updated successfully
2024-12-06 15:33:51,050 - attendence.telegram_bot_updated - INFO - Starting to send notification for message ID: 59
2024-12-06 15:33:51,066 - attendence.telegram_bot_updated - INFO - Sending to selected groups. Found 0 groups
2024-12-06 15:33:51,069 - attendence.telegram_bot_updated - WARNING - No target groups found!
2024-12-06 15:33:58,270 - attendence.telegram_bot_updated - INFO - Starting to send notification for message ID: 60
2024-12-06 15:33:58,278 - attendence.telegram_bot_updated - INFO - Sending to selected groups. Found 1 groups
2024-12-06 15:33:58,281 - attendence.telegram_bot_updated - INFO - Attempting to send message to group: Test Bots (ID: -4664539814)
2024-12-06 15:33:58,282 - attendence.telegram_bot_updated - INFO - Sending text message
2024-12-06 15:33:58,466 - attendence.telegram_bot_updated - INFO - Text message sent successfully
2024-12-06 15:33:58,466 - attendence.telegram_bot_updated - INFO - Updating message status to: sent
2024-12-06 15:33:58,481 - attendence.telegram_bot_updated - INFO - Message status updated successfully
2024-12-06 15:34:30,855 - attendence.telegram_bot_updated - INFO - Starting to send notification for message ID: 61
2024-12-06 15:34:30,862 - attendence.telegram_bot_updated - INFO - Sending to selected groups. Found 1 groups
2024-12-06 15:34:30,869 - attendence.telegram_bot_updated - INFO - Attempting to send message to group: Test Bots (ID: -4664539814)
2024-12-06 15:34:30,871 - attendence.telegram_bot_updated - INFO - Sending text message
2024-12-06 15:34:31,144 - attendence.telegram_bot_updated - INFO - Text message sent successfully
2024-12-06 15:34:31,146 - attendence.telegram_bot_updated - INFO - Updating message status to: sent
2024-12-06 15:34:31,150 - attendence.telegram_bot_updated - INFO - Message status updated successfully
2024-12-06 15:35:16,297 - attendence.telegram_bot_updated - INFO - Starting to send notification for message ID: 62
2024-12-06 15:35:16,300 - attendence.telegram_bot_updated - INFO - Sending to selected groups. Found 1 groups
2024-12-06 15:35:16,304 - attendence.telegram_bot_updated - INFO - Attempting to send message to group: Test Bots (ID: -4664539814)
2024-12-06 15:35:16,305 - attendence.telegram_bot_updated - INFO - Sending text message
2024-12-06 15:35:16,669 - attendence.telegram_bot_updated - INFO - Text message sent successfully
2024-12-06 15:35:16,675 - attendence.telegram_bot_updated - INFO - Updating message status to: sent
2024-12-06 15:35:16,685 - attendence.telegram_bot_updated - INFO - Message status updated successfully
2024-12-06 15:35:53,226 - attendence.telegram_bot_updated - INFO - Starting to send notification for message ID: 63
2024-12-06 15:35:53,244 - attendence.telegram_bot_updated - INFO - Sending to selected groups. Found 0 groups
2024-12-06 15:35:53,259 - attendence.telegram_bot_updated - WARNING - No target groups found!
2024-12-06 15:36:01,941 - attendence.telegram_bot_updated - INFO - Starting to send notification for message ID: 64
2024-12-06 15:36:01,942 - attendence.telegram_bot_updated - INFO - Sending to all active groups. Found 2 groups
2024-12-06 15:36:01,942 - attendence.telegram_bot_updated - INFO - Attempting to send message to group: Test Bots (ID: -4664539814)
2024-12-06 15:36:01,942 - attendence.telegram_bot_updated - INFO - Sending text message
2024-12-06 15:36:02,097 - attendence.telegram_bot_updated - INFO - Text message sent successfully
2024-12-06 15:36:02,097 - attendence.telegram_bot_updated - INFO - Attempting to send message to group: BOT TEST (ID: -4539632586)
2024-12-06 15:36:02,097 - attendence.telegram_bot_updated - INFO - Sending text message
2024-12-06 15:36:02,240 - attendence.telegram_bot_updated - ERROR - Error sending message to group BOT TEST: A request to the Telegram API was unsuccessful. Error code: 403. Description: Forbidden: the group chat was deleted
2024-12-06 15:36:02,242 - attendence.telegram_bot_updated - INFO - Updating message status to: failed
2024-12-06 15:36:02,251 - attendence.telegram_bot_updated - INFO - Message status updated successfully
2024-12-06 15:37:00,489 - attendence.telegram_bot_updated - INFO - Starting to send notification for message ID: 65
2024-12-06 15:37:00,496 - attendence.telegram_bot_updated - INFO - Sending to selected groups. Found 1 groups
2024-12-06 15:37:00,509 - attendence.telegram_bot_updated - INFO - Attempting to send message to group: Test Bots (ID: -4664539814)
2024-12-06 15:37:00,510 - attendence.telegram_bot_updated - INFO - Sending text message
2024-12-06 15:37:00,651 - attendence.telegram_bot_updated - INFO - Text message sent successfully
2024-12-06 15:37:00,653 - attendence.telegram_bot_updated - INFO - Updating message status to: sent
2024-12-06 15:37:00,663 - attendence.telegram_bot_updated - INFO - Message status updated successfully
2024-12-06 15:43:28,146 - django.utils.autoreload - INFO - C:\Users\User\Desktop\project 33\attendence-and-notification\attendence\telegram_bot_updated.py changed, reloading.
2024-12-06 15:43:29,962 - attendence.telegram_bot_updated - INFO - Bot initialized successfully with token
2024-12-06 15:43:30,552 - attendence.telegram_bot_updated - INFO - Bot status check: {'bot_connected': True, 'bot_username': '@notification_softclub_bot', 'bot_name': 'Notification Softclub', 'active_groups_count': 2, 'active_groups': ['Test Bots (ID: -4664539814)', 'BOT TEST (ID: -4539632586)'], 'last_check': '2024-12-06 15:43:30'}
2024-12-06 15:43:30,553 - attendence.telegram_bot_updated - INFO - Bot is ready. Connected as @notification_softclub_bot
2024-12-06 15:43:30,554 - attendence.telegram_bot_updated - INFO - Active groups: 2
2024-12-06 15:43:30,669 - attendence.telegram_bot_updated - INFO - Bot connection test successful! Bot info: Notification Softclub (@notification_softclub_bot)
2024-12-06 15:43:30,670 - attendence.telegram_bot_updated - INFO - Bot is ready to send messages
2024-12-06 15:43:30,670 - attendence.telegram_bot_updated - INFO - Starting Telegram bot...
2024-12-06 15:43:30,836 - TeleBot - ERROR - Break infinity polling
2024-12-06 15:43:30,838 - attendence.telegram_bot_updated - INFO - Telegram bot started successfully!
2024-12-06 15:45:57,743 - django.utils.autoreload - INFO - C:\Users\User\Desktop\project 33\attendence-and-notification\attendence\telegram_bot_updated.py changed, reloading.
2024-12-06 15:46:00,100 - attendence.telegram_bot_updated - INFO - Bot initialized successfully with token
2024-12-06 15:46:00,500 - attendence.telegram_bot_updated - INFO - Bot status check: {'bot_connected': True, 'bot_username': '@notification_softclub_bot', 'bot_name': 'Notification Softclub', 'active_groups_count': 2, 'active_groups': ['Test Bots (ID: -4664539814)', 'BOT TEST (ID: -4539632586)'], 'last_check': '2024-12-06 15:46:00'}
2024-12-06 15:46:00,500 - attendence.telegram_bot_updated - INFO - Bot is ready. Connected as @notification_softclub_bot
2024-12-06 15:46:00,501 - attendence.telegram_bot_updated - INFO - Active groups: 2
2024-12-06 15:46:00,666 - attendence.telegram_bot_updated - INFO - Bot connection test successful! Bot info: Notification Softclub (@notification_softclub_bot)
2024-12-06 15:46:00,667 - attendence.telegram_bot_updated - INFO - Bot is ready to send messages
2024-12-06 15:46:00,667 - attendence.telegram_bot_updated - INFO - Starting Telegram bot...
2024-12-06 15:46:00,807 - TeleBot - ERROR - Break infinity polling
2024-12-06 15:46:00,808 - attendence.telegram_bot_updated - INFO - Telegram bot started successfully!
2024-12-06 15:49:26,925 - attendence.telegram_bot_updated - INFO - Bot initialized successfully with token
2024-12-06 15:49:27,621 - attendence.telegram_bot_updated - INFO - Bot status check: {'bot_connected': True, 'bot_username': '@notification_softclub_bot', 'bot_name': 'Notification Softclub', 'active_groups_count': 2, 'active_groups': ['Test Bots (ID: -4664539814)', 'BOT TEST (ID: -4539632586)'], 'last_check': '2024-12-06 15:49:27'}
2024-12-06 15:49:27,621 - attendence.telegram_bot_updated - INFO - Bot is ready. Connected as @notification_softclub_bot
2024-12-06 15:49:27,621 - attendence.telegram_bot_updated - INFO - Active groups: 2
2024-12-06 15:49:27,751 - attendence.telegram_bot_updated - INFO - Bot connection test successful! Bot info: Notification Softclub (@notification_softclub_bot)
2024-12-06 15:49:27,751 - attendence.telegram_bot_updated - INFO - Bot is ready to send messages
2024-12-06 15:49:27,751 - attendence.telegram_bot_updated - INFO - Starting Telegram bot...
2024-12-06 15:49:27,919 - TeleBot - ERROR - Break infinity polling
2024-12-06 15:49:27,924 - attendence.telegram_bot_updated - INFO - Telegram bot started successfully!
2024-12-06 15:49:28,285 - attendence.telegram_bot_updated - INFO - Starting Telegram bot...
2024-12-06 15:49:28,448 - TeleBot - ERROR - Break infinity polling
2024-12-06 15:49:28,448 - attendence.telegram_bot_updated - INFO - Telegram bot started successfully!
2024-12-06 15:50:23,218 - attendence.telegram_bot_updated - INFO - Bot initialized successfully with token
2024-12-06 15:50:23,742 - attendence.telegram_bot_updated - INFO - Bot status check: {'bot_connected': True, 'bot_username': '@notification_softclub_bot', 'bot_name': 'Notification Softclub', 'active_groups_count': 2, 'active_groups': ['Test Bots (ID: -4664539814)', 'BOT TEST (ID: -4539632586)'], 'last_check': '2024-12-06 15:50:23'}
2024-12-06 15:50:23,744 - attendence.telegram_bot_updated - INFO - Bot is ready. Connected as @notification_softclub_bot
2024-12-06 15:50:23,745 - attendence.telegram_bot_updated - INFO - Active groups: 2
2024-12-06 15:50:23,944 - attendence.telegram_bot_updated - INFO - Bot connection test successful! Bot info: Notification Softclub (@notification_softclub_bot)
2024-12-06 15:50:23,945 - attendence.telegram_bot_updated - INFO - Bot is ready to send messages
2024-12-06 15:50:23,946 - attendence.telegram_bot_updated - INFO - Starting Telegram bot...
2024-12-06 15:50:24,246 - TeleBot - ERROR - Break infinity polling
2024-12-06 15:50:24,246 - attendence.telegram_bot_updated - INFO - Telegram bot started successfully!
2024-12-06 15:51:13,344 - django.utils.autoreload - INFO - C:\Users\User\Desktop\project 33\attendence-and-notification\attendence\telegram_bot_updated.py changed, reloading.
2024-12-06 15:51:16,063 - attendence.telegram_bot_updated - INFO - Bot initialized successfully with token
2024-12-06 15:51:16,577 - attendence.telegram_bot_updated - INFO - Bot status check: {'bot_connected': True, 'bot_username': '@notification_softclub_bot', 'bot_name': 'Notification Softclub', 'active_groups_count': 2, 'active_groups': ['Test Bots (ID: -4664539814)', 'BOT TEST (ID: -4539632586)'], 'last_check': '2024-12-06 15:51:16'}
2024-12-06 15:51:16,577 - attendence.telegram_bot_updated - INFO - Bot is ready. Connected as @notification_softclub_bot
2024-12-06 15:51:16,584 - attendence.telegram_bot_updated - INFO - Active groups: 2
2024-12-06 15:51:16,777 - attendence.telegram_bot_updated - INFO - Bot connection test successful! Bot info: Notification Softclub (@notification_softclub_bot)
2024-12-06 15:51:16,778 - attendence.telegram_bot_updated - INFO - Bot is ready to send messages
2024-12-06 15:51:37,041 - attendence.telegram_bot_updated - INFO - Bot initialized successfully with token
2024-12-06 15:51:37,618 - attendence.telegram_bot_updated - INFO - Bot status check: {'bot_connected': True, 'bot_username': '@notification_softclub_bot', 'bot_name': 'Notification Softclub', 'active_groups_count': 2, 'active_groups': ['Test Bots (ID: -4664539814)', 'BOT TEST (ID: -4539632586)'], 'last_check': '2024-12-06 15:51:37'}
2024-12-06 15:51:37,618 - attendence.telegram_bot_updated - INFO - Bot is ready. Connected as @notification_softclub_bot
2024-12-06 15:51:37,618 - attendence.telegram_bot_updated - INFO - Active groups: 2
2024-12-06 15:51:37,875 - attendence.telegram_bot_updated - INFO - Bot connection test successful! Bot info: Notification Softclub (@notification_softclub_bot)
2024-12-06 15:51:37,875 - attendence.telegram_bot_updated - INFO - Bot is ready to send messages
2024-12-06 15:53:14,195 - django.utils.autoreload - INFO - C:\Users\User\Desktop\project 33\attendence-and-notification\attendence\telegram_bot_updated.py changed, reloading.
2024-12-06 15:53:16,815 - attendence.telegram_bot_updated - INFO - Bot initialized successfully with token
2024-12-06 15:53:49,058 - attendence.telegram_bot_updated - INFO - Bot initialized successfully with token
2024-12-06 15:55:52,278 - django.utils.autoreload - INFO - C:\Users\User\Desktop\project 33\attendence-and-notification\attendence\telegram_bot_updated.py changed, reloading.
2024-12-06 16:07:17,017 - attendence.telegram_bot_updated - INFO - Bot initialized successfully with token
2024-12-06 16:07:26,074 - attendence.telegram_bot_updated - INFO - Bot connection test successful! Bot info: Notification Softclub (@notification_softclub_bot)
2024-12-06 16:07:26,076 - attendence.telegram_bot_updated - INFO - Starting bot polling...
2024-12-06 16:07:46,337 - attendence.telegram_bot_updated - INFO - Welcome message sent to chat -1002049610335
2024-12-06 16:07:53,085 - attendence.telegram_bot_updated - INFO - Welcome message sent to chat -1002049610335
2024-12-06 16:07:54,259 - attendence.telegram_bot_updated - INFO - Welcome message sent to chat -1002049610335
2024-12-06 16:08:14,420 - attendence.telegram_bot_updated - ERROR - Error in send_welcome: ('Connection aborted.', ConnectionResetError(10054, 'Удаленный хост принудительно разорвал существующее подключение', None, 10054, None))
2024-12-06 16:08:15,114 - TeleBot - ERROR - Infinity polling exception: ('Connection aborted.', ConnectionResetError(10054, 'Удаленный хост принудительно разорвал существующее подключение', None, 10054, None))
2024-12-06 16:08:15,129 - TeleBot - ERROR - Exception traceback:
Traceback (most recent call last):
  File "C:\Users\User\Desktop\project 33\attendence-and-notification\.venv\lib\site-packages\urllib3\connectionpool.py", line 789, in urlopen
    response = self._make_request(
  File "C:\Users\User\Desktop\project 33\attendence-and-notification\.venv\lib\site-packages\urllib3\connectionpool.py", line 536, in _make_request
    response = conn.getresponse()
  File "C:\Users\User\Desktop\project 33\attendence-and-notification\.venv\lib\site-packages\urllib3\connection.py", line 507, in getresponse
    httplib_response = super().getresponse()
  File "C:\Python39\lib\http\client.py", line 1377, in getresponse
    response.begin()
  File "C:\Python39\lib\http\client.py", line 320, in begin
    version, status, reason = self._read_status()
  File "C:\Python39\lib\http\client.py", line 281, in _read_status
    line = str(self.fp.readline(_MAXLINE + 1), "iso-8859-1")
  File "C:\Python39\lib\socket.py", line 704, in readinto
    return self._sock.recv_into(b)
  File "C:\Python39\lib\ssl.py", line 1241, in recv_into
    return self.read(nbytes, buffer)
  File "C:\Python39\lib\ssl.py", line 1099, in read
    return self._sslobj.read(len, buffer)
ConnectionResetError: [WinError 10054] Удаленный хост принудительно разорвал существующее подключение

During handling of the above exception, another exception occurred:

Traceback (most recent call last):
  File "C:\Users\User\Desktop\project 33\attendence-and-notification\.venv\lib\site-packages\requests\adapters.py", line 667, in send
    resp = conn.urlopen(
  File "C:\Users\User\Desktop\project 33\attendence-and-notification\.venv\lib\site-packages\urllib3\connectionpool.py", line 843, in urlopen
    retries = retries.increment(
  File "C:\Users\User\Desktop\project 33\attendence-and-notification\.venv\lib\site-packages\urllib3\util\retry.py", line 474, in increment
    raise reraise(type(error), error, _stacktrace)
  File "C:\Users\User\Desktop\project 33\attendence-and-notification\.venv\lib\site-packages\urllib3\util\util.py", line 38, in reraise
    raise value.with_traceback(tb)
  File "C:\Users\User\Desktop\project 33\attendence-and-notification\.venv\lib\site-packages\urllib3\connectionpool.py", line 789, in urlopen
    response = self._make_request(
  File "C:\Users\User\Desktop\project 33\attendence-and-notification\.venv\lib\site-packages\urllib3\connectionpool.py", line 536, in _make_request
    response = conn.getresponse()
  File "C:\Users\User\Desktop\project 33\attendence-and-notification\.venv\lib\site-packages\urllib3\connection.py", line 507, in getresponse
    httplib_response = super().getresponse()
  File "C:\Python39\lib\http\client.py", line 1377, in getresponse
    response.begin()
  File "C:\Python39\lib\http\client.py", line 320, in begin
    version, status, reason = self._read_status()
  File "C:\Python39\lib\http\client.py", line 281, in _read_status
    line = str(self.fp.readline(_MAXLINE + 1), "iso-8859-1")
  File "C:\Python39\lib\socket.py", line 704, in readinto
    return self._sock.recv_into(b)
  File "C:\Python39\lib\ssl.py", line 1241, in recv_into
    return self.read(nbytes, buffer)
  File "C:\Python39\lib\ssl.py", line 1099, in read
    return self._sslobj.read(len, buffer)
urllib3.exceptions.ProtocolError: ('Connection aborted.', ConnectionResetError(10054, 'Удаленный хост принудительно разорвал существующее подключение', None, 10054, None))

During handling of the above exception, another exception occurred:

Traceback (most recent call last):
  File "C:\Users\User\Desktop\project 33\attendence-and-notification\.venv\lib\site-packages\telebot\__init__.py", line 1110, in infinity_polling
    self.polling(non_stop=True, timeout=timeout, long_polling_timeout=long_polling_timeout,
  File "C:\Users\User\Desktop\project 33\attendence-and-notification\.venv\lib\site-packages\telebot\__init__.py", line 1198, in polling
    self.__threaded_polling(non_stop=non_stop, interval=interval, timeout=timeout, long_polling_timeout=long_polling_timeout,
  File "C:\Users\User\Desktop\project 33\attendence-and-notification\.venv\lib\site-packages\telebot\__init__.py", line 1273, in __threaded_polling
    raise e
  File "C:\Users\User\Desktop\project 33\attendence-and-notification\.venv\lib\site-packages\telebot\__init__.py", line 1234, in __threaded_polling
    polling_thread.raise_exceptions()
  File "C:\Users\User\Desktop\project 33\attendence-and-notification\.venv\lib\site-packages\telebot\util.py", line 111, in raise_exceptions
    raise self.exception_info
  File "C:\Users\User\Desktop\project 33\attendence-and-notification\.venv\lib\site-packages\telebot\util.py", line 93, in run
    task(*args, **kwargs)
  File "C:\Users\User\Desktop\project 33\attendence-and-notification\.venv\lib\site-packages\telebot\__init__.py", line 688, in __retrieve_updates
    updates = self.get_updates(offset=(self.last_update_id + 1),
  File "C:\Users\User\Desktop\project 33\attendence-and-notification\.venv\lib\site-packages\telebot\__init__.py", line 660, in get_updates
    json_updates = apihelper.get_updates(
  File "C:\Users\User\Desktop\project 33\attendence-and-notification\.venv\lib\site-packages\telebot\apihelper.py", line 332, in get_updates
    return _make_request(token, method_url, params=payload)
  File "C:\Users\User\Desktop\project 33\attendence-and-notification\.venv\lib\site-packages\telebot\apihelper.py", line 162, in _make_request
    result = _get_req_session().request(
  File "C:\Users\User\Desktop\project 33\attendence-and-notification\.venv\lib\site-packages\requests\sessions.py", line 589, in request
    resp = self.send(prep, **send_kwargs)
  File "C:\Users\User\Desktop\project 33\attendence-and-notification\.venv\lib\site-packages\requests\sessions.py", line 703, in send
    r = adapter.send(request, **kwargs)
  File "C:\Users\User\Desktop\project 33\attendence-and-notification\.venv\lib\site-packages\requests\adapters.py", line 682, in send
    raise ConnectionError(err, request=request)
requests.exceptions.ConnectionError: ('Connection aborted.', ConnectionResetError(10054, 'Удаленный хост принудительно разорвал существующее подключение', None, 10054, None))

2024-12-06 16:08:15,800 - attendence.telegram_bot_updated - INFO - Welcome message sent to chat 5976137781
2024-12-06 16:08:15,880 - attendence.telegram_bot_updated - INFO - Welcome message sent to chat 5976137781
2024-12-06 16:08:16,229 - attendence.telegram_bot_updated - INFO - Welcome message sent to chat 5976137781
2024-12-06 16:08:16,654 - attendence.telegram_bot_updated - INFO - Welcome message sent to chat 5976137781
2024-12-06 16:08:16,842 - attendence.telegram_bot_updated - INFO - Welcome message sent to chat -1002049610335
2024-12-06 16:08:18,192 - TeleBot - ERROR - Infinity polling exception: ('Connection aborted.', ConnectionResetError(10054, 'Удаленный хост принудительно разорвал существующее подключение', None, 10054, None))
2024-12-06 16:08:56,955 - attendence.telegram_bot_updated - INFO - Bot initialized successfully with token
2024-12-06 16:09:15,332 - attendence.telegram_bot_updated - INFO - Starting to send notification for message ID: 66
2024-12-06 16:09:15,335 - attendence.telegram_bot_updated - INFO - Sending to selected groups. Found 1 groups
2024-12-06 16:09:15,604 - attendence.telegram_bot_updated - INFO - Sending text message
2024-12-06 16:09:16,137 - attendence.telegram_bot_updated - INFO - Text message sent successfully
2024-12-06 16:09:16,138 - attendence.telegram_bot_updated - INFO - Updating message status to: sent
2024-12-06 16:09:16,203 - attendence.telegram_bot_updated - INFO - Message status updated successfully
2024-12-06 16:10:18,323 - django.utils.autoreload - INFO - C:\Users\User\Desktop\project 33\attendence-and-notification\server\settings.py changed, reloading.
2024-12-06 16:10:20,048 - attendence.telegram_bot_updated - INFO - Bot initialized successfully with token
2024-12-06 16:10:50,987 - TeleBot - ERROR - Infinity polling: polling exited
2024-12-06 16:10:50,988 - TeleBot - ERROR - Break infinity polling
2024-12-06 16:21:44,082 - attendence.telegram_bot_updated - INFO - Bot initialized successfully with token
2024-12-06 16:22:11,122 - attendence.telegram_bot_updated - INFO - Starting to send notification for message ID: 67
2024-12-06 16:22:11,136 - attendence.telegram_bot_updated - INFO - Sending to selected groups. Found 1 groups
2024-12-06 16:22:11,219 - attendence.telegram_bot_updated - INFO - Sending text message
2024-12-06 16:22:11,715 - attendence.telegram_bot_updated - INFO - Text message sent successfully
2024-12-06 16:22:11,719 - attendence.telegram_bot_updated - INFO - Updating message status to: sent
2024-12-06 16:22:11,741 - attendence.telegram_bot_updated - INFO - Message status updated successfully
2024-12-06 16:27:46,908 - django.request - WARNING - Not Found: /favicon.ico
2024-12-06 16:52:44,169 - attendence.telegram_bot_updated - INFO - Starting to send notification for message ID: 68
2024-12-06 16:52:44,169 - attendence.telegram_bot_updated - INFO - Sending to selected groups. Found 1 groups
2024-12-06 16:52:44,169 - attendence.telegram_bot_updated - INFO - Attempting to send message to group: Test Bots (ID: -4664539814)
2024-12-06 16:52:44,169 - attendence.telegram_bot_updated - INFO - Sending text message
2024-12-06 16:52:44,936 - attendence.telegram_bot_updated - INFO - Text message sent successfully
2024-12-06 16:52:44,939 - attendence.telegram_bot_updated - INFO - Updating message status to: sent
2024-12-06 16:52:44,980 - attendence.telegram_bot_updated - INFO - Message status updated successfully
2024-12-06 16:55:20,094 - attendence.telegram_bot_updated - INFO - Starting to send notification for message ID: 69
2024-12-06 16:55:20,096 - attendence.telegram_bot_updated - INFO - Sending to selected groups. Found 1 groups
2024-12-06 16:55:20,182 - attendence.telegram_bot_updated - INFO - Sending text message
2024-12-06 16:55:20,914 - attendence.telegram_bot_updated - INFO - Text message sent successfully
2024-12-06 16:55:20,917 - attendence.telegram_bot_updated - INFO - Updating message status to: sent
2024-12-06 16:55:20,924 - attendence.telegram_bot_updated - INFO - Message status updated successfully
2024-12-06 18:09:10,465 - attendence.telegram_bot_updated - INFO - Bot initialized successfully with token
2024-12-18 15:31:50,626 - attendence.telegram_bot_updated - INFO - Bot initialized successfully with token
2024-12-18 15:31:56,625 - django.request - WARNING - Not Found: /favicon.ico
2024-12-18 15:34:34,538 - attendence.telegram_bot_updated - INFO - Starting to send notification for message ID: 70
2024-12-18 15:34:34,556 - attendence.telegram_bot_updated - INFO - Sending to all active groups. Found 2 groups
2024-12-18 15:34:34,569 - attendence.telegram_bot_updated - INFO - Attempting to send message to group: Test Bots (ID: -4664539814)
2024-12-18 15:34:34,572 - attendence.telegram_bot_updated - INFO - Sending image: D:\python project\Projects\attendence-and-notification\static\images\map_ny-2025.png
2024-12-18 15:34:37,671 - attendence.telegram_bot_updated - INFO - Image sent successfully
2024-12-18 15:34:38,264 - attendence.telegram_bot_updated - INFO - Sending image: D:\python project\Projects\attendence-and-notification\static\images\map_ny-2025.png
2024-12-18 15:34:39,228 - attendence.telegram_bot_updated - INFO - Image sent successfully
2024-12-18 15:34:39,230 - attendence.telegram_bot_updated - INFO - Updating message status to: sent
2024-12-18 15:34:39,319 - attendence.telegram_bot_updated - INFO - Message status updated successfully
2024-12-22 10:49:11,293 - attendence.telegram_bot_updated - INFO - Bot initialized successfully with token
2024-12-22 10:49:16,368 - django.request - WARNING - Not Found: /favicon.ico
2024-12-22 10:49:16,386 - django.request - WARNING - Not Found: /favicon.ico
2024-12-22 10:50:12,439 - attendence.telegram_bot_updated - INFO - Starting to send notification for message ID: 71
2024-12-22 10:50:12,451 - attendence.telegram_bot_updated - INFO - Sending to all active groups. Found 2 groups
2024-12-22 10:50:12,465 - attendence.telegram_bot_updated - INFO - Attempting to send message to group: Test Bots (ID: -4664539814)
2024-12-22 10:50:12,466 - attendence.telegram_bot_updated - INFO - Sending image: D:\python project\Projects\attendence-and-notification\static\images\photo_2024-12-16_19-06-22.jpg
2024-12-22 10:50:13,133 - attendence.telegram_bot_updated - INFO - Image sent successfully
2024-12-22 10:50:13,468 - attendence.telegram_bot_updated - INFO - Sending image: D:\python project\Projects\attendence-and-notification\static\images\photo_2024-12-16_19-06-22.jpg
2024-12-22 10:50:13,676 - attendence.telegram_bot_updated - INFO - Image sent successfully
2024-12-22 10:50:13,677 - attendence.telegram_bot_updated - INFO - Updating message status to: sent
2024-12-22 10:50:13,764 - attendence.telegram_bot_updated - INFO - Message status updated successfully
2024-12-22 10:58:23,610 - attendence.telegram_bot_updated - INFO - Bot initialized successfully with token
2024-12-22 10:58:23,710 - TeleBot - ERROR - Break infinity polling
2024-12-29 15:56:39,965 - attendence.telegram_bot_updated - INFO - Bot initialized successfully with token
2024-12-29 15:56:49,786 - django.request - WARNING - Not Found: /favicon.ico
2024-12-29 15:57:58,367 - django.utils.autoreload - INFO - D:\Python project\Projects\attendence-and-notification\server\settings.py changed, reloading.
2024-12-29 15:57:59,796 - attendence.telegram_bot_updated - INFO - Bot initialized successfully with token
2024-12-29 15:58:30,097 - attendence.telegram_bot_updated - INFO - Bot initialized successfully with token
2024-12-29 15:58:34,674 - django.request - WARNING - Not Found: /favicon.ico
2024-12-29 15:58:56,569 - django.request - WARNING - Not Found: /favicon.ico
2024-12-29 16:01:42,899 - attendence.telegram_bot_updated - INFO - Starting to send notification for message ID: 72
2024-12-29 16:01:42,915 - attendence.telegram_bot_updated - INFO - Sending to selected groups. Found 1 groups
2024-12-29 16:01:43,076 - attendence.telegram_bot_updated - INFO - Sending text message
2024-12-29 16:01:43,567 - attendence.telegram_bot_updated - INFO - Updating message status to: failed
2024-12-29 16:01:43,601 - attendence.telegram_bot_updated - INFO - Message status updated successfully
2025-02-06 14:41:08,012 - attendence.telegram_bot_updated - INFO - Bot initialized successfully with token
2025-02-06 14:42:25,629 - django.request - WARNING - Not Found: /favicon.ico
2025-02-06 14:59:37,305 - attendence.telegram_bot_updated - INFO - Bot initialized successfully with token
2025-02-06 14:59:38,499 - attendence.telegram_bot_updated - INFO - Bot connection test successful! Bot info: Notification Softclub (@notification_softclub_bot)
2025-02-06 14:59:38,502 - attendence.telegram_bot_updated - INFO - Starting bot polling...
2025-02-06 15:00:09,607 - attendence.telegram_bot_updated - INFO - Welcome message sent to chat 5976137781
2025-02-06 15:00:15,046 - TeleBot - ERROR - Infinity polling: polling exited
2025-02-06 15:00:15,048 - TeleBot - ERROR - Break infinity polling
2025-02-06 15:04:10,772 - attendence.telegram_bot_updated - INFO - Bot initialized successfully with token
2025-02-06 15:04:10,958 - TeleBot - ERROR - Break infinity polling
2025-02-06 15:06:34,782 - attendence.telegram_bot_updated - INFO - Bot initialized successfully with token
2025-02-06 15:06:34,842 - TeleBot - ERROR - Break infinity polling
2025-02-06 17:29:25,907 - attendence.telegram_bot_updated - INFO - Bot initialized successfully with token
2025-02-06 17:29:42,528 - django.request - WARNING - Not Found: /favicon.ico
2025-02-06 17:33:24,014 - attendence.telegram_bot_updated - INFO - Bot initialized successfully with token
